Player,Injury,Start Date,Return Date,Days Missed
(James) Mike Scott,placed on IL with sore left hip,2021-04-26,2021-04-28,2
(William) Tony Parker,placed on IL,2019-03-19,2019-03-21,2
A.J. Green,placed on IL with fractured nose,2022-10-29,2022-11-16,18
A.J. Hammons,placed on IL with illness,2017-10-18,2017-10-21,3
A.J. Price,placed on IL,2014-12-25,2014-12-26,1
Aaron Brooks,placed on IL with illness,2017-12-27,2018-03-26,89
Aaron Gordon,placed on IL with right shoulder inflammation,2023-04-06,2023-04-08,2
Aaron Harrison,placed on IL,2016-12-07,2016-12-31,24
Aaron Henry,placed on IL with illness,2021-12-30,2022-01-03,4
Aaron Holiday,placed on IL with sore right ankle,2022-02-25,2022-02-27,2
Aaron Nesmith,placed on IL with sore left hip,2023-03-05,2023-03-09,4
Aaron Wiggins,placed on IL with sprained right ankle,2022-02-03,2022-02-12,9
Abdel Nader,placed on IL with right knee injury,2021-12-10,2022-02-10,62
Adam Mokoka,placed on IL,2021-05-01,2021-05-15,14
Admiral Schofield,placed on IL with concussion,2023-03-07,2023-03-09,2
Adreian Payne,placed on IL with fractured left hand,2017-10-18,2017-12-09,52
Al Horford,placed on IL with back injury,2023-04-08,2023-04-15,7
Al Jefferson,placed on IL with dental ailment,2017-02-24,2017-03-01,5
Al-Farouq Aminu,placed on IL with recovering from surgery on right knee,2020-12-23,2021-02-09,48
Alan Anderson,placed on IL with sore ankle,2016-03-21,2016-04-08,18
Alan Williams,placed on IL,2019-03-17,2019-04-10,24
Alec Peters,placed on IL,2018-03-13,2018-03-15,2
Aleksej Pokusevski,placed on IL with tibia injury in left leg,2022-12-29,2023-03-24,85
Alex Abrines,placed on IL with illness,2018-12-28,2019-01-21,24
Alex Caruso,placed on IL with sore left foot,2023-04-05,2023-04-07,2
Alex Kirk,placed on IL,2014-12-02,2014-12-25,23
Alfonzo McKinnie,placed on IL with NBA health and safety protocols,2021-12-26,2022-01-02,7
Alize Johnson,placed on IL with NBA health and safety protocols,2021-12-13,2021-12-23,10
Allen Crabbe,placed on IL with left knee injury,2020-01-27,2020-02-05,9
Allonzo Trier,placed on IL with illness,2020-02-06,2020-02-12,6
Alondes Williams,placed on IL with right adductor injury,2022-11-30,2022-12-07,7
Alonzo Gee,placed on IL,2017-01-12,2017-01-17,5
Alperen Sengun,placed on IL with strained left groin,2023-03-13,2023-03-15,2
Amare Stoudemire / Amar'e Stoudemire,placed on IL,2015-11-30,2015-12-11,11
Amir Coffey,placed on IL with NBA health and safety protocols,2021-04-30,2021-05-22,22
Anderson Varejao,placed on IL,2017-01-16,2017-01-18,2
Andray Blatche,placed on IL with illness,2014-04-09,2014-04-11,2
Andre Dawkins,placed on IL,2014-12-05,2014-12-21,16
Andre Drummond,placed on IL with strained left shoulder,2022-10-29,2022-11-09,11
Andre Iguodala,placed on IL with right hip injury,2023-01-15,2023-03-05,49
Andre Miller,placed on IL,2016-04-22,2016-04-24,2
Andre Roberson,placed on IL with sore right ankle,2020-08-09,2020-08-10,1
Andrea Bargnani,placed on IL with illness,2016-02-19,2016-02-20,1
Andrew Bogut,placed on IL with tightness in back,2017-11-03,2017-11-08,5
Andrew Goudelock,placed on IL,2016-04-18,2016-04-27,9
Andrew Nicholson,placed on IL,2017-04-02,2017-04-04,2
Andrew White III,placed on IL,2018-01-15,2018-02-14,30
Andrew Wiggins,placed on IL with illness,2023-01-25,2023-01-27,2
Andris Biedrins,placed on IL with left shoulder injury,2014-03-16,2014-04-05,20
Ante Zizic,placed on IL with vestibular condition,2020-01-13,2020-02-21,39
Anthony Bennett,placed on IL,2016-01-01,2016-01-22,21
Anthony Davis,placed on IL with stress reaction in right foot,2023-03-15,2023-03-17,2
Anthony Edwards,placed on IL with sprained right ankle,2023-03-18,2023-03-26,8
Anthony Gill,placed on IL with NBA health and safety protocols,2022-01-02,2022-01-11,9
Anthony Morrow,placed on IL,2017-03-10,2017-03-17,7
Anthony Tolliver,placed on IL with NBA health and safety protocols,2021-04-12,2021-04-14,2
Antonius Cleveland,placed on IL with left ankle injury,2018-02-26,2018-04-03,36
Anzejs Pasecniks,placed on IL with stiff neck,2020-03-08,2020-03-10,2
Archie Goodwin,placed on IL,2015-02-08,2015-02-20,12
Armoni Brooks,placed on IL with NBA health and safety protocols,2022-01-09,2022-01-12,3
Aron Baynes,placed on IL with right knee injury / conditioning,2020-08-05,2020-08-11,6
Arron Afflalo,placed on IL,2018-03-02,2018-03-05,3
Austin Daye,placed on IL,2015-04-19,2015-05-24,35
Austin Reaves,placed on IL with strained left hamstring,2023-01-09,2023-02-07,29
Austin Rivers,placed on IL with illness,2023-03-29,2023-04-09,11
Avery Bradley,placed on IL with right knee injury,2022-02-15,2022-03-03,16
Axel Toupane,placed on IL with strained right oblique muscle,2021-04-27,2021-05-22,25
Ayo Dosunmu,placed on IL with concussion,2022-02-08,2022-02-11,3
B.J. Johnson,placed on IL with NBA health and safety protocols,2021-12-26,2021-12-27,1
Ben McLemore,placed on IL with NBA health and safety protocols,2021-12-25,2021-12-30,5
Bennedict Mathurin,placed on IL with sprained right ankle,2023-03-10,2023-03-20,10
Beno Udrih,placed on IL with sprained right knee,2017-04-10,2017-04-12,2
Bismack Biyombo,placed on IL with sprained left knee,2019-03-08,2019-03-09,1
Blake Griffin,placed on IL with left knee injury,2021-04-05,2021-04-07,2
Blake Wesley,placed on IL with left knee injury,2022-11-01,2022-12-22,51
Boban Marjanovic,placed on IL with NBA health and safety protocols,2021-12-29,2022-01-09,11
Bobby Brown,placed on IL,2017-01-05,2017-01-08,3
Bobby Portis,placed on IL with sprained right knee,2023-01-23,2023-02-23,31
Bogdan Bogdanovic,placed on IL with back injury,2023-03-11,2023-03-13,2
Bol Bol,placed on IL with COVID-19,2023-01-04,2023-01-10,6
Boris Diaw,placed on IL with bruised right leg,2016-11-06,2016-11-14,8
Brad Wanamaker,placed on IL with NBA health and safety protocols,2021-12-31,2022-01-08,8
Brandan Wright,placed on IL with sore right knee,2018-03-06,2018-03-23,17
Branden Dawson,placed on IL,2016-04-17,2016-04-27,10
Brandon Bass,placed on IL with sore foot / ankle injury (CBC),2016-01-14,2016-01-17,3
Brandon Boston Jr. / B.J. Boston Jr.,placed on IL with tailbone injury,2023-03-08,2023-04-01,24
Brandon Davies,placed on IL with fractured right pinky finger,2014-02-09,2014-03-15,34
Brandon Ingram,placed on IL with sprained right ankle,2023-03-11,2023-03-14,3
Brandon Jennings,placed on IL,2018-04-15,2018-04-20,5
Brandon Knight,placed on IL with NBA health and safety protocols,2021-12-29,2022-01-02,4
Brandon Rush,placed on IL with toe injury,2016-11-30,2016-12-06,6
Brandon Williams (b. 1975-02-27),placed on IL with NBA health and safety protocols,2021-12-30,2022-01-05,6
Brian Bowen II,placed on IL with groin injury,2020-12-23,2021-01-17,25
Brian Roberts,placed on IL with sore left hamstring,2016-10-26,2016-10-28,2
Briante Weber,placed on IL,2017-12-09,2017-12-22,13
Brice Johnson,placed on IL,2018-02-11,2018-02-24,13
Brodric Thomas,placed on IL with sore lower back,2022-01-02,2022-01-10,8
Brook Lopez,placed on IL with back injury,2022-04-09,2022-04-16,7
Bruce Brown,placed on IL with left knee inflammation,2023-04-08,2023-04-09,1
Bruno Caboclo,placed on IL with sprained right ankle,2020-07-31,2020-08-09,9
Bruno Fernando,placed on IL with NBA health and safety protocols,2021-12-24,2022-01-02,9
Bryce Cotton,placed on IL,2015-12-11,2015-12-28,17
Bryn Forbes,placed on IL with toe injury,2021-03-24,2021-03-26,2
Buddy Hield,placed on IL with illness,2023-03-27,2023-03-30,3
Byron Mullens / B.J. Mullens,placed on IL,2014-02-09,2014-02-12,3
C.J. Elleby,placed on IL with strained left hamstring,2022-01-28,2022-02-02,5
C.J. McCollum,placed on IL with sprained right ankle,2023-02-13,2023-02-15,2
C.J. Miles,placed on IL with NBA health and safety protocols,2021-12-24,2021-12-30,6
C.J. Wilcox,placed on IL with torn right Achilles tendon (out for season),2018-09-21,2018-10-19,28
C.J. Williams,placed on IL,2018-01-13,2018-02-28,46
Caleb Martin,placed on IL with sore left knee,2023-03-11,2023-03-13,2
Caleb Swanigan,placed on IL,2017-12-28,2018-02-05,39
Cameron Johnson,placed on IL with sore right knee,2023-03-08,2023-03-10,2
Cameron McGriff,placed on IL with NBA health and safety protocols,2022-01-02,2022-01-05,3
Cameron Oliver,placed on IL with NBA health and safety protocols,2022-01-05,2022-01-08,3
Cameron Payne,placed on IL with sore right foot,2023-01-06,2023-02-24,49
Cameron Reddish / Cam Reddish,placed on IL with right groin injury,2022-11-20,2022-11-27,7
Cameron Thomas / Cam Thomas,placed on IL with NBA health and safety protocols,2021-12-23,2021-12-29,6
Caris LeVert,placed on IL with sore right knee,2023-04-09,2023-04-15,6
Carl Landry,placed on IL recovering from surgery on right wrist,2015-10-28,2015-12-23,56
Caron Butler,placed on IL with ankle injury,2015-11-25,2015-12-03,8
Carrick Felix,placed on IL,2014-01-10,2014-04-16,96
Carsen Edwards,placed on IL with NBA health and safety protocols,2021-01-14,2021-01-23,9
Cartier Martin,placed on IL with strained right foot,2014-10-29,2014-11-17,19
Cassius Winston,placed on IL with NBA health and safety protocols,2021-12-30,2022-01-03,4
Cedi Osman,placed on IL with neck spasms,2023-02-15,2023-02-22,7
Chandler Hutchison,placed on IL with illness,2021-11-17,2021-11-18,1
Chandler Parsons,placed on IL,2020-01-06,2020-02-05,30
Channing Frye,placed on IL with recovering from appendectomy,2018-03-01,2018-03-26,25
Charles Cooke,placed on IL,2017-12-30,2018-01-30,31
Charlie Villanueva,placed on IL,2014-11-22,2014-11-24,2
Chasson Randle,placed on IL with left groin injury,2021-03-23,2021-03-24,1
Cheick Diallo,placed on IL with illness,2019-12-02,2019-12-04,2
Chima Moneke,placed on IL,2022-11-23,2022-12-04,11
Chimezie Metu,placed on IL with left leg injury,2023-01-23,2023-01-25,2
Chris Andersen,placed on IL with torn ACL in right knee,2016-12-17,2017-02-13,58
Chris Boucher,placed on IL with left hamstring injury,2022-10-19,2022-10-24,5
Chris Clemons,placed on IL with NBA health and safety protocols,2022-01-06,2022-01-08,2
Chris Douglas-Roberts,placed on IL,2015-01-07,2015-01-10,3
Chris Kaman,placed on IL with illness,2016-03-28,2016-04-02,5
Chris McCullough,placed on IL,2018-04-14,2018-04-27,13
Chris Paul,placed on IL with sore right heel,2022-11-26,2022-12-07,11
Chris Silva,placed on IL ineligible,2022-02-05,2022-02-10,5
Chris Wilcox,placed on IL with left Achilles tendinitis,2017-02-13,2017-02-23,10
Christian Wood,placed on IL with fractured left thumb,2023-01-22,2023-02-06,15
Chuma Okeke,placed on IL with bruised left knee,2022-03-17,2022-03-19,2
Cleanthony Early,placed on IL,2016-03-23,2016-04-01,9
Clint Capela,placed on IL with right calf injury,2023-04-08,2023-04-11,3
Coby White,placed on IL with NBA health and safety protocols,2021-12-01,2021-12-18,17
Cody Zeller,placed on IL with fractured nose,2023-03-12,2023-03-28,16
Cole Aldrich,placed on IL with illness,2018-03-26,2018-04-06,11
Cole Swider,placed on IL with foot injury,2022-10-20,2022-11-22,33
Collin Sexton,placed on IL with strained left hamstring,2023-02-22,2023-04-04,41
Cory Joseph,placed on IL with sore lower back,2023-01-25,2023-02-06,12
Cristiano Felicio,placed on IL with illness,2021-04-30,2021-05-02,2
D'Angelo Russell,placed on IL with sore left foot,2023-04-04,2023-04-05,1
D.J. Augustine,placed on IL with NBA health and safety protocols,2021-12-26,2022-01-02,7
D.J. Wilson,placed on IL with sore left knee,2022-03-01,2022-03-06,5
Dakari Johnson,placed on IL,2017-12-03,2017-12-05,2
Dalano Banton,placed on IL with sprained left thumb,2023-02-28,2023-04-02,33
Damian Jones,placed on IL with NBA health and safety protocols,2022-01-09,2022-01-16,7
Damien Inglis,placed on IL,2016-01-15,2016-03-02,47
Damion Lee,placed on IL with NBA health and safety protocols,2021-12-22,2022-01-02,11
Damjan Rudez,placed on IL,2016-01-23,2016-01-25,2
Damyean Dotson,placed on IL,2022-01-08,2022-01-10,2
Daniel Gafford,placed on IL with sore left foot,2023-03-28,2023-03-31,3
Daniel Hamilton,placed on IL,2018-03-16,2018-04-11,26
Daniel Theis,placed on IL with sprained right thumb,2023-02-15,2023-02-22,7
Danilo Gallinari,placed on IL with right elbow injury,2022-03-28,2022-03-31,3
Danny Green,placed on IL with illness / health and safety protocols,2023-03-26,2023-03-31,5
Danuel House Jr.,placed on IL with left foot injury,2022-12-09,2022-12-11,2
Darius Bazley,placed on IL with sprained right ankle,2022-11-11,2022-11-21,10
Darius Garland,placed on IL with bruised left leg,2023-04-05,2023-04-15,10
Darius Miller,placed on IL with stomach illness,2021-02-27,2021-03-03,4
Darrell Arthur,placed on IL with sore left knee,2017-04-02,2017-04-05,3
Darren Collison,placed on IL with groin injury,2019-04-01,2019-04-07,6
Daulton Hommes,placed on IL with right fibula injury,2021-10-30,2021-12-21,52
David Duke Jr.,placed on IL with illness,2022-11-27,2022-11-30,3
David Johnson (Ricardo),placed on IL with left knee injury,2022-03-18,2022-03-20,2
David Stockton,placed on IL,2018-04-10,2018-04-18,8
David West,placed on IL with cyst in right arm,2018-03-06,2018-03-16,10
Davion Mitchell,placed on IL with sore left knee,2023-04-09,2023-04-15,6
Davis Bertans,placed on IL with strained left calf,2023-02-04,2023-03-05,29
Day'Ron Sharpe,placed on IL with illness,2022-01-26,2022-01-28,2
De'Aaron Fox,placed on IL with sore left ankle,2023-04-07,2023-04-08,1
De'Andre Hunter,placed on IL with left knee injury,2023-03-31,2023-04-07,7
De'Anthony Melton,placed on IL with calf injury,2023-04-07,2023-04-15,8
DeAndre Jordan,placed on IL with finger injury,2020-01-18,2020-01-28,10
DeAndre Liggins,placed on IL,2016-11-05,2016-11-13,8
DeAndre' Bembry,placed on IL with surgery on right knee,2022-03-13,2022-04-07,25
DeJon Jarreau,placed on IL with NBA health and safety protocols,2021-12-30,2022-01-06,7
DeMar DeRozan,placed on IL with thigh injury,2023-02-14,2023-02-23,9
DeMarcus Cousins,placed on IL with sprained right foot,2022-01-30,2022-02-04,5
DeMarre Carroll,placed on IL,2020-01-17,2020-01-23,6
Dean Wade,placed on IL with illness,2023-03-26,2023-03-31,5
Deandre Ayton,placed on IL with bruised right hip,2023-03-19,2023-03-27,8
Dejounte Murray,placed on IL with sore left ankle,2023-04-08,2023-04-11,3
Delon Wright,placed on IL with illness,2023-04-04,2023-04-06,2
Dennis Schr√∂der,placed on IL with thumb injury,2022-10-16,2022-11-18,33
Denzel Valentine,placed on IL,2021-12-31,2022-01-03,3
Deonte Burton,placed on IL with illness,2020-02-21,2020-02-23,2
Deron Williams,placed on IL with sprained left big toe,2017-01-26,2017-02-03,8
Derrick Jones Jr.,placed on IL with strained left adductor,2023-02-14,2023-02-23,9
Derrick Rose,placed on IL with illness,2023-03-29,2023-04-04,6
Derrick Walton Jr.,placed on IL,2022-01-02,2022-01-04,2
Derrick White,placed on IL with NBA health and safety protocols,2022-01-06,2022-01-15,9
Desmond Bane,placed on IL with sore right foot,2023-03-29,2023-03-30,1
Devin Booker,placed on IL with strained left groin,2022-12-27,2023-02-06,41
Devin Cannady,placed on IL recovering from surgery to repair fractured right ankle,2021-04-26,2021-05-04,8
Devin Robinson,placed on IL,2018-04-10,2018-04-11,1
Devon Dotson,placed on IL with NBA health and safety protocols,2021-03-18,2021-03-22,4
Devontae Cacok,placed on IL with bruised left heel,2022-03-09,2022-03-16,7
Dewan Hernandez,placed on IL with sprained right ankle,2020-03-05,2020-07-31,148
Dewayne Dedmon,placed on IL with left hip injury,2023-02-25,2023-03-04,7
Dexter Pittman,placed on IL,2014-04-11,2014-04-12,1
Deyonta Davis,placed on IL with left ankle injury,2018-02-28,2018-03-05,5
Dillon Brooks,placed on IL with groin injury,2023-04-09,2023-04-16,7
Dion Waiters,placed on IL with left groin injury,2020-09-08,2020-09-30,22
Domantas Sabonis,placed on IL with sore left ankle,2023-04-07,2023-04-08,1
Donald Sloan,placed on IL with illness,2015-11-28,2015-11-29,1
Donatas Motiejunas,placed on IL,2017-01-05,2017-01-07,2
Donovan Mitchell,placed on IL with left finger injury,2023-04-05,2023-04-15,10
Donte DiVincenzo,placed on IL with illness,2022-12-20,2022-12-25,5
Dorian Finney-Smith,placed on IL with illness,2021-12-25,2021-12-26,1
Doug McDermott,placed on IL with hip injury,2023-03-22,2023-03-24,2
Draymond Green,placed on IL with bruised right knee,2023-02-24,2023-02-28,4
Drew Eubanks,placed on IL with back injury,2022-11-25,2022-11-27,2
Drew Gooden,placed on IL,2016-04-08,2016-04-11,3
Duane Washington Jr.,placed on IL with right hip injury,2023-03-30,2023-04-15,16
Duje Dukan,placed on IL,2016-04-07,2016-04-09,2
Duncan Robinson,placed on IL with illness,2023-03-10,2023-03-13,3
Dwayne Bacon,placed on IL with sore right knee,2019-11-13,2019-11-16,3
Dwight Buycks,placed on IL with illness,2018-02-05,2018-02-12,7
Dwight Howard,placed on IL with back injury,2022-02-08,2022-02-09,1
Dwight Powell,placed on IL with illness,2021-03-15,2021-03-17,2
Dwyane Wade,placed on IL with left wrist injury,2018-04-04,2018-04-06,2
Dylan Windler,placed on IL with NBA health and safety protocols,2021-12-19,2021-12-30,11
Dyson Daniels,placed on IL with sprained right ankle,2023-01-24,2023-02-25,32
Dzanan Musa,placed on IL with left shoulder subluxation,2018-12-16,2019-01-31,46
E'Twaun Moore,placed on IL with sprained left knee,2021-10-19,2022-02-10,114
Earl Clark,placed on IL,2015-04-22,2015-04-25,3
Ed Davis (Adam),placed on IL with NBA health and safety protocols,2021-12-21,2021-12-30,9
Edmond Sumner,placed on IL with bruised right hip,2023-03-26,2023-03-29,3
Edrice Adebayo / Bam Adebayo,placed on IL with strained left quadriceps,2023-04-07,2023-04-09,2
Elfrid Payton,placed on IL with right hamstring injury,2021-03-13,2021-03-23,10
Elie Okobo,placed on IL with sprained right ankle,2020-08-05,2020-08-11,6
Elijah Hughes,placed on IL with illness,2022-03-05,2022-03-07,2
Elliot Williams,placed on IL,2015-01-16,2015-01-21,5
Elton Brand,placed on IL,2016-02-08,2016-03-06,27
Emanuel Ginobili / Manu Ginobili,placed on IL for rest,2018-04-04,2018-04-07,3
Emmanuel Mudiay,placed on IL with sore left knee,2020-08-13,2020-08-17,4
Enes Freedom / Enes Kanter,placed on IL with NBA health and safety protocols,2021-12-23,2022-01-04,12
Enes Kanter / Enes Freedom,placed on IL with bruised right hip,2020-01-24,2020-02-03,10
Eric Gordon,placed on IL with right hip injury,2023-04-01,2023-04-05,4
Eric Moreland,placed on IL,2017-10-21,2017-10-25,4
Eric Paschall,placed on IL with left hip flexor injury,2021-04-03,2021-04-23,20
Erick Green,placed on IL,2015-01-20,2015-01-31,11
Erik Murphy,placed on IL,2014-04-06,2014-04-16,10
Ersan Ilyasova,placed on IL with NBA health and safety protocols,2021-12-28,2022-01-01,4
Eugene Omoruyi,placed on IL with sore lower back,2023-01-15,2023-01-22,7
Evan Fournier,placed on IL with illness,2023-02-23,2023-02-25,2
Evan Mobley,placed on IL with sprained left ankle,2022-03-29,2022-04-08,10
Evan Turner,placed on IL,2020-02-05,2020-03-08,32
Facundo Campazzo,placed on IL with illness,2022-03-26,2022-03-28,2
Frank Jackson,placed on IL with back spasms,2022-03-03,2022-03-24,21
Frank Kaminsky,placed on IL with migraine headache,2023-03-24,2023-03-25,1
Frank Mason,placed on IL with right groin injury,2021-02-12,2021-02-15,3
Frank Ntilikina,placed on IL with knee injury,2023-03-29,2023-04-02,4
Fred VanVleet,placed on IL with left thumb injury,2023-04-08,2023-04-12,4
Furkan Korkmaz,placed on IL with left knee injury,2022-11-19,2022-11-22,3
Gabe Vincent,placed on IL with right big toe injury,2022-04-03,2022-04-04,1
Gabriel Deck,placed on IL with NBA health and safety protocols,2021-04-12,2021-04-29,17
Garrett Temple,placed on IL with NBA health and safety protocols,2022-02-03,2022-02-08,5
Garrison Mathews,placed on IL with NBA health and safety protocols,2021-12-26,2022-01-03,8
Gary Clark Jr.,placed on IL with NBA health and safety protocols,2021-03-26,2021-03-30,4
Gary Harris,placed on IL with left adductor injury,2023-04-06,2023-04-07,1
Gary Neal,placed on IL with sore right leg,2016-02-09,2016-03-08,28
Gary Payton II,placed on IL with left calf injury,2023-01-19,2023-01-22,3
Gary Trent Jr.,placed on IL with stiffness in right elbow,2023-03-24,2023-04-05,12
George Hill,placed on IL with strained abdominal,2022-04-09,2022-05-07,28
Georges Niang,placed on IL with right foot injury,2022-12-05,2022-12-11,6
Gerald Green (b. 1986-01-26),placed on IL with strained left adductor,2019-03-26,2019-04-02,7
Gerald Henderson Jr.,placed on IL with sore left hip,2015-10-28,2015-11-11,14
Gian Clavell,placed on IL,2017-11-07,2017-11-12,5
Giannis Antetokounmpo,placed on IL with sore right knee,2023-04-05,2023-04-16,11
Glen Davis,placed on IL with illness,2015-03-20,2015-03-22,2
Glenn Robinson III,placed on IL with right knee injury,2021-02-20,2021-02-24,4
Goran Dragic,placed on IL with sore left knee,2023-03-14,2023-03-27,13
Gorgui Dieng,placed on IL with NBA health and safety protocols,2021-12-28,2022-01-12,15
Grant Jerrett,placed on IL,2015-03-27,2015-04-10,14
Grant Riller,placed on IL with surgery on left knee,2021-10-19,2021-11-19,31
Grant Williams,placed on IL with NBA health and safety protocols,2021-12-17,2021-12-27,10
Grayson Allen,placed on IL with sprained right ankle,2023-04-03,2023-04-16,13
Greg Brown III,placed on IL with illness,2021-12-12,2021-12-14,2
Greg Smith (b. 1991-01-08),placed on IL,2015-04-18,2015-04-21,3
Greg Stiemsma,placed on IL with sprained right ankle,2014-10-29,2014-11-04,6
Greg Whittington,placed on IL with sore left knee,2021-03-21,2021-03-30,9
Greivis Vasquez,placed on IL with sore right ankle,2016-11-04,2016-11-09,5
Guerschon Yabusele,placed on IL with sore lower back,2019-04-21,2019-04-28,7
Guillermo Hernangomez / Willy Hernangomez,placed on IL with NBA health and safety protocols,2022-02-03,2022-02-12,9
Gustavo Ayon,placed on IL recovering from surgery on right shoulder (out for season),2014-03-07,2014-04-19,43
Harrison Barnes,placed on IL with sprained right foot,2021-11-26,2021-12-08,12
Harry Giles III,placed on IL with strained left calf,2021-02-15,2021-03-18,31
Hassan Whiteside,placed on IL with sprained right foot,2022-03-25,2022-04-02,8
Hassani Gravett,placed on IL with NBA health and safety protocols,2021-12-30,2022-01-02,3
Henry Ellenson,placed on IL with sprained left ankle,2019-01-21,2019-01-25,4
Henry Sims,placed on IL,2014-01-10,2014-01-15,5
Herbert Jones / Herb Jones (Keyshawn),placed on IL with NBA health and safety protocols,2022-12-26,2022-12-30,4
Ian Clark,placed on IL with throat ailment,2016-11-26,2016-11-28,2
Ian Mahinmi,placed on IL with right Achilles injury,2019-10-23,2019-12-05,43
Ignas Brazdeikis / Iggy Brazdeikis,placed on IL with NBA health and safety protocols,2021-12-16,2021-12-27,11
Iman Shumpert,placed on IL with strained left hamstring,2021-02-08,2021-02-23,15
Immanuel Quickley,placed on IL with NBA health and safety protocols,2021-12-17,2021-12-27,10
Isaac Bonga,placed on IL with right big toe injury,2022-04-08,2022-04-10,2
Isaac Okoro,placed on IL with sore left knee,2023-03-31,2023-04-15,15
Isaiah Canaan,placed on IL with fractured left ankle,2018-02-02,2018-02-08,6
Isaiah Hartenstein,placed on IL with sprained left ankle,2021-12-22,2022-01-15,24
Isaiah Hicks,placed on IL,2019-02-22,2019-04-07,44
Isaiah Jackson,placed on IL with headache,2022-03-24,2022-04-01,8
Isaiah Joe,placed on IL with sprained right ankle,2022-05-08,2022-05-10,2
Isaiah Livers,placed on IL with sprained left ankle,2023-03-01,2023-03-04,3
Isaiah Roby,placed on IL with sprained right ankle,2023-02-14,2023-03-03,17
Isaiah Taylor,placed on IL,2018-01-20,2018-01-22,2
Isaiah Thomas,placed on IL with NBA health and safety protocols,2021-12-30,2022-01-08,9
Isaiah Todd,placed on IL with strained right hamstring,2022-12-04,2022-12-20,16
Ishmael Smith / Ish Smith,placed on IL with NBA health and safety protocols,2021-12-06,2021-12-15,9
Ishmail Wainright / Ish Wainright,placed on IL with NBA health and safety protocols,2022-01-10,2022-01-14,4
Ivan Rabb,placed on IL,2018-12-29,2019-01-02,4
Ivica Zubac,placed on IL with strained right calf,2023-03-02,2023-03-05,3
J.J. Hickson,placed on IL,2016-04-03,2016-04-06,3
J.R. Smith,placed on IL recovering from surgery on right thumb to repair fracture,2017-01-06,2017-03-09,62
J.T. Thor,player not with team,2021-12-23,2021-12-27,4
Ja Morant,placed on IL with right hand injury,2023-04-09,2023-04-16,7
JaKarr Sampson,placed on IL with concussion,2021-04-30,2021-05-11,11
JaQuori McLaughlin,placed on IL with NBA health and safety protocols,2021-12-23,2022-01-04,12
JaVale McGee,placed on IL with sprained right ankle,2023-03-07,2023-03-10,3
Jabari Bird,placed on IL,2017-12-31,2018-03-18,77
Jabari Parker,placed on IL with NBA health and safety protocols,2021-12-16,2021-12-25,9
Jabari Smith Jr.,placed on IL with sprained right ankle,2023-01-21,2023-01-25,4
Jack Cooley,placed on IL,2018-03-11,2018-03-31,20
Jack White,placed on IL with NBA health and safety protocols,2023-03-27,2023-03-31,4
Jacob Evans,placed on IL with concussion,2020-01-16,2020-01-22,6
Jacob Pullen,placed on IL,2017-12-28,2017-12-30,2
Jaden Ivey,placed on IL with NBA health and safety protocols,2023-03-10,2023-03-16,6
Jaden McDaniels,placed on IL with illness,2022-11-27,2022-12-03,6
Jaden Springer,placed on IL with bruised right knee,2022-04-16,2022-04-18,2
Jae Crowder,placed on IL with sore calf,2023-03-16,2023-03-27,11
Jahlil Okafor,placed on IL with NBA health and safety protocols,2021-04-30,2021-05-04,4
Jahmi'us Ramsey,placed on IL with strained right hamstring,2021-03-19,2021-03-31,12
Jake Layman,placed on IL with toe injury,2019-11-20,2020-02-24,96
Jakob Poeltl,placed on IL with sore right knee,2022-11-20,2022-11-23,3
Jalen Brunson,placed on IL with right hand injury,2023-04-05,2023-04-15,10
Jalen Duren,placed on IL with sore ankle,2023-02-24,2023-03-09,13
Jalen Green,placed on IL with bruised right calf,2023-01-27,2023-02-02,6
Jalen Harris,placed on IL with right hip pointer,2021-03-28,2021-04-29,32
Jalen Johnson,placed on IL with strained left hamstring,2023-03-17,2023-03-31,14
Jalen Jones,placed on IL,2018-04-01,2018-04-04,3
Jalen Lecque,placed on IL with sprained left ankle,2021-01-05,2021-01-17,12
Jalen McDaniels,placed on IL with bruised right hip,2023-03-15,2023-03-25,10
Jalen Suggs,placed on IL with concussion protocols,2023-03-17,2023-03-26,9
Jamaal Franklin,placed on IL,2014-04-19,2014-05-03,14
Jamal Murray,placed on IL with sprained right thumb,2023-04-06,2023-04-08,2
Jameer Nelson,placed on IL,2018-03-20,2018-03-29,9
Jamel Artis,placed on IL,2017-12-26,2018-03-22,86
James Bouknight,placed on IL with sore neck,2022-02-28,2022-03-15,15
James Harden,placed on IL with left Achilles injury,2023-04-07,2023-04-15,8
James Johnson,placed on IL with right elbow injury,2022-12-05,2022-12-07,2
James Jones (Andrew),placed on IL,2014-03-01,2014-03-18,17
James Michael McAdoo / James McAdoo (Michael),placed on IL,2017-12-28,2018-01-05,8
James Webb III,placed on IL,2018-02-26,2018-04-05,38
James Wiseman,placed on IL with sprained left ankle,2023-01-07,2023-01-25,18
Jamorko Pickett,placed on IL with toe injury,2022-01-30,2022-02-08,9
Jannero Pargo,placed on IL with back injury,2014-12-26,2015-02-03,39
Jared Butler,placed on IL with sprained right ankle,2022-02-24,2022-03-04,8
Jared Dudley,placed on IL with right knee injury,2021-03-12,2021-05-16,65
Jared Harper,placed on IL,2021-12-26,2021-12-26,0
Jared Sullinger,placed on IL recovering from surgery on left foot to insert screw to repair stress fracture,2016-10-26,2017-01-18,84
Jarell Martin,placed on IL,2017-04-07,2017-04-09,2
Jaren Jackson Jr.,placed on IL with sore left elbow,2023-04-09,2023-04-16,7
Jarnell Stokes,placed on IL with right foot injury,2016-11-12,2016-11-15,3
Jarred Vanderbilt,placed on IL with right adductor injury,2022-11-06,2022-11-09,3
Jarrell Brantley,placed on IL,2020-12-23,2021-01-12,20
Jarrett Allen,placed on IL with strained right groin,2023-03-31,2023-04-02,2
Jarrett Culver,placed on IL with illness,2022-12-27,2022-12-28,1
Jarrett Jack,placed on IL,2017-10-19,2017-10-21,2
Jarrod Uthoff,placed on IL,2017-03-25,2017-03-27,2
Jason Richardson,placed on IL with foot injury / left knee injury (P),2014-10-29,2015-02-20,114
Jason Smith,placed on IL with sore left knee,2019-02-02,2019-02-08,6
Jason Terry,placed on IL with strained left knee,2017-12-06,2017-12-19,13
Javonte Green,placed on IL with right knee injury,2023-03-26,2023-03-29,3
Jaxson Hayes,placed on IL with sprained right wrist,2021-03-27,2021-03-29,2
Jaylen Adams,placed on IL with COVID-19,2021-02-19,2021-03-04,13
Jaylen Brown,placed on IL with lacerated finger,2023-04-07,2023-04-11,4
Jaylen Hoard,placed on IL,2022-01-05,2022-01-06,1
Jaylen Nowell,placed on IL with left knee injury,2023-03-31,2023-04-11,11
Jayson Tatum,placed on IL with bruised left hip,2023-04-05,2023-04-06,1
Jeff Ayres / Jeff Pendergraph,placed on IL,2015-03-29,2015-04-01,3
Jeff Green,placed on IL with bruised right knee,2022-11-22,2022-12-06,14
Jeff Teague,placed on IL with strained abdominal,2021-05-03,2021-05-05,2
Jeff Withey,placed on IL,2017-05-02,2017-05-04,2
Jeffery Taylor / Jeff Taylor (b),placed on IL,2014-12-29,2015-01-10,12
Jeremiah Robinson-Earl,placed on IL with sprained right ankle,2022-12-14,2023-01-31,48
Jeremy Lamb,placed on IL with sore left hip,2022-03-07,2022-03-12,5
Jeremy Lin,placed on IL with back spasms,2019-05-02,2019-05-05,3
Jerian Grant,placed on IL,2016-10-27,2016-11-02,6
Jericho Sims,placed on IL with NBA health and safety protocols,2021-12-25,2022-01-03,9
Jevon Carter,placed on IL with foot injury,2023-04-04,2023-04-05,1
Jimmer Fredette,placed on IL with illness,2014-02-01,2014-02-03,2
Jimmy Butler,placed on IL with sore neck,2023-03-28,2023-03-29,1
Jock Landale,placed on IL with sprained right foot,2022-04-04,2022-04-08,4
Joe Harris,placed on IL with sore left knee,2022-12-23,2023-01-02,10
Joe Ingles,placed on IL with left knee injury,2023-01-12,2023-01-17,5
Joe Johnson,placed on IL with illness,2018-03-06,2018-03-09,3
Joe Wieskamp,placed on IL with strained right hamstring,2023-03-22,2023-03-31,9
Joel Anthony,placed on IL,2017-04-25,2017-05-16,21
Joel Embiid,placed on IL with right calf injury,2023-03-27,2023-03-29,2
Joel Freeland,placed on IL with bruised right shoulder,2015-01-05,2015-03-01,55
Joffrey Lauvergne,placed on IL with sprained right ankle,2017-10-29,2017-11-14,16
John Collins (Martin),placed on IL with back injury,2023-04-08,2023-04-11,3
John Holland,placed on IL,2017-12-04,2018-02-09,67
John Konchar,placed on IL with left hip injury,2023-03-31,2023-04-02,2
John Lucas III,placed on IL,2016-12-13,2017-01-06,24
John Wall (Hildred),placed on IL with left knee injury,2022-12-27,2022-12-29,2
Johnathan Motley,placed on IL,2018-03-22,2018-03-27,5
Johnny Davis,placed on IL with right groin injury,2022-11-25,2022-11-28,3
Johnny Juzang,placed on IL with right wrist injury,2022-11-23,2022-12-20,27
Johnny O'Bryant III,placed on IL with sprained right ankle (out for season),2017-03-24,2017-04-10,17
Jon Leuer,placed on IL,2019-03-02,2019-03-03,1
Jonah Bolden,placed on IL with sore right Achilles,2019-01-29,2019-01-31,2
Jonas Jerebko,placed on IL with illness,2017-01-21,2017-01-24,3
Jonas Valanciunas,placed on IL with left calf injury,2023-03-01,2023-03-06,5
Jonathan Kuminga,placed on IL with sprained left ankle,2023-03-09,2023-03-15,6
Jonathon Simmons,placed on IL with strained abdominal,2019-01-31,2019-02-10,10
Jontay Porter,placed on IL with sore right knee,2021-04-09,2021-04-13,4
Jordan Bell,placed on IL with flu,2019-02-25,2019-02-27,2
Jordan Farmar,placed on IL with back injury,2014-12-06,2014-12-10,4
Jordan McLaughlin,placed on IL with heel injury,2022-10-30,2022-11-01,2
Jordan McRae,placed on IL,2020-01-30,2020-02-08,9
Jordan Nwora,placed on IL with sore back,2022-04-17,2022-04-20,3
Jordan Poole,placed on IL with NBA health and safety protocols,2021-12-17,2021-12-29,12
Jose Alvarado,placed on IL with rib injury,2022-12-15,2022-12-17,2
Jose Calderon,placed on IL with sore left hamstring,2018-04-05,2018-04-09,4
Jose Juan Barea / Jose Barea / J.J. Barea,placed on IL with sore right ankle,2020-03-04,2020-03-06,2
Josh Giddey,placed on IL with ankle injury,2022-10-24,2022-11-01,8
Josh Green,placed on IL with NBA health and safety protocols,2021-12-19,2021-12-27,8
Josh Harrellson,placed on IL with knee injury,2014-03-01,2014-04-04,34
Josh Hart,placed on IL with sprained left ankle,2022-11-30,2022-12-04,4
Josh Jackson,placed on IL with illness,2022-03-28,2022-03-30,2
Josh McRoberts,placed on IL with knee injury,2017-10-18,2018-01-09,83
Josh Okogie,placed on IL with right hip injury,2022-12-20,2022-12-23,3
Josh Richardson,placed on IL with sore left/right knee,2023-01-26,2023-02-01,6
Joshua Primo,placed on IL with stomach illness,2022-03-09,2022-03-12,3
Jrue Holiday,placed on IL with sore neck,2023-03-07,2023-03-09,2
Juan Toscano-Anderson,placed on IL with sprained right ankle,2022-12-11,2022-12-28,17
Juancho Hernangomez / Juan Hernangomez,placed on IL with NBA health and safety protocols,2021-12-17,2021-12-25,8
Julius Randle,placed on IL with sprained left ankle,2023-03-30,2023-04-15,16
Julyan Stone,placed on IL,2017-12-22,2018-02-28,68
Justin Anderson,placed on IL with NBA health and safety protocols,2022-01-07,2022-01-11,4
Justin Champagnie,placed on IL with back injury,2022-11-09,2022-11-28,19
Justin Hamilton (Anthony),placed on IL with illness,2017-03-03,2017-03-04,1
Justin Holiday,placed on IL with NBA health and safety protocols,2022-11-30,2022-12-05,5
Justin Jackson (Aaron),placed on IL not with team,2022-01-11,2022-01-14,3
Juwan Morgan,placed on IL with NBA health and safety protocols,2022-04-04,2022-04-07,3
K.Z. Okpala,placed on IL with sprained right wrist,2021-12-29,2022-02-11,44
Kadeem Allen,placed on IL with sore right knee,2019-10-23,2019-11-01,9
Kahlil Felder / Kay Felder,placed on IL,2018-02-12,2018-04-11,58
Kai Jones,placed on IL with sprained left ankle,2023-02-11,2023-02-15,4
Karim Mane,placed on IL with right hamstring injury,2021-04-07,2021-04-12,5
Karl-Anthony Towns,placed on IL with strained right calf,2022-11-30,2023-03-22,112
Kawhi Leonard,placed on IL with right knee injury,2023-01-18,2023-01-20,2
Keegan Murray,placed on IL with sore lower back,2022-11-17,2022-11-20,3
Keita Bates-Diop,placed on IL with illness,2023-01-02,2023-01-06,4
Kelan Martin,placed on IL with NBA health and safety protocols,2021-12-31,2022-01-06,6
Keldon Johnson,placed on IL with sprained right foot,2023-04-02,2023-04-06,4
Keljin Blevins,placed on IL with NBA health and safety protocols,2021-12-25,2022-01-02,8
Kelly Olynyk,placed on IL with illness,2023-03-29,2023-03-31,2
Kemba Walker,placed on IL with left knee injury,2022-12-25,2022-12-27,2
Kendall Marshall,placed on IL,2015-12-05,2015-12-11,6
Kenneth Faried,placed on IL with sore left knee,2019-03-26,2019-03-28,2
Kent Bazemore,placed on IL with NBA health and safety protocols,2021-12-19,2021-12-30,11
Kentavious Caldwell-Pope,placed on IL with illness,2023-04-06,2023-04-08,2
Kenyon Martin Jr. / K.J. Martin,placed on IL with NBA health and safety protocols,2021-12-27,2021-12-31,4
Kessler Edwards,placed on IL with NBA health and safety protocols,2021-12-23,2021-12-31,8
Kevin Durant,placed on IL with sprained left ankle,2023-03-11,2023-03-28,17
Kevin Huerter,placed on IL with right hamstring injury / knee injury,2023-03-17,2023-03-24,7
Kevin Knox II,placed on IL with NBA health and safety protocols,2021-12-16,2021-12-28,12
Kevin Love,placed on IL with bruised ribcage DTD),2023-03-06,2023-03-08,2
Kevin Martin,placed on IL with illness,2016-04-24,2016-04-30,6
Kevin Porter Jr.,placed on IL with bruised thigh,2023-03-08,2023-03-11,3
Kevin Seraphin,placed on IL with sore left knee,2017-01-26,2017-02-01,6
Kevon Looney,placed on IL with NBA health and safety protocols,2021-03-20,2021-03-21,1
Khris Middleton,placed on IL with sore right knee,2023-04-06,2023-04-16,10
Killian Hayes,placed on IL with bruised head,2022-03-19,2022-03-21,2
Kirk Hinrich,placed on IL,2016-02-19,2016-02-22,3
Klay Thompson,placed on IL with sore back,2023-04-04,2023-04-07,3
Kobe Bryant,placed on IL with sore right shoulder,2016-03-15,2016-03-22,7
Kobi Simmons,placed on IL,2018-03-17,2018-03-22,5
Kostas Antetokounmpo,placed on IL with NBA health and safety protocols,2021-03-11,2021-03-19,8
Kostas Papanikolaou,placed on IL with sprained right ankle,2015-03-11,2015-04-08,28
Kris Dunn,placed on IL with sprained right ankle,2022-04-08,2022-04-11,3
Kris Humphries,placed on IL,2017-04-06,2017-04-07,1
Ky Bowman,placed on IL with sprained right ankle,2020-03-03,2020-03-10,7
Kyle Anderson,placed on IL with back spasms,2022-12-21,2022-12-30,9
Kyle Korver,placed on IL with sore back,2020-02-12,2020-03-06,23
Kyle Lowry,placed on IL with sore left knee,2023-04-07,2023-04-09,2
Kyle O'Quinn,placed on IL with strained left calf,2019-11-25,2019-11-30,5
LaMarcus Aldridge,placed on IL with right hip impingement,2022-03-07,2022-03-27,20
Lamar Patterson,placed on IL,2017-02-25,2017-02-27,2
Lamar Stevens,placed on IL with sore left knee,2022-01-17,2022-01-22,5
Lance Stephenson,placed on IL with sprained left ankle,2022-02-27,2022-03-02,3
Landry Fields,placed on IL with concussion,2014-12-21,2014-12-27,6
Landry Shamet,placed on IL with sore right foot,2023-01-19,2023-03-19,59
Langston Galloway,placed on IL with NBA health and safety protocols,2022-01-13,2022-01-17,4
Larry Nance Jr.,placed on IL with sprained left ankle,2023-02-26,2023-03-12,14
Larry Sanders (b. 1988-11-21),placed on IL,2017-04-04,2017-04-05,1
Lavoy Allen,placed on IL with sore left knee,2017-03-15,2017-03-19,4
LeBron James,placed on IL with right foot injury,2023-02-27,2023-03-26,27
Leandro Bolmaro,placed on IL with concussion,2022-11-23,2022-11-30,7
Lindell Wigginton,placed on IL with sprained right ankle,2022-03-09,2022-03-14,5
Lindy Waters III,placed on IL with plantar fasciitis in foot,2023-03-28,2023-03-31,3
London Perrantes,placed on IL,2018-04-09,2018-04-11,2
Louis Amundson / Lou Amundson,placed on IL,2016-02-22,2016-03-16,23
Louis King,placed on IL with NBA health and safety protocols,2021-12-16,2021-12-26,10
Luc Richard Mbah a Moute / Luc Mbah a Moute,placed on IL with sore left knee,2018-10-26,2019-04-07,163
Lucas Nogueira,placed on IL with tightness in left hamstring,2018-04-09,2018-04-11,2
Luguentz Dort,placed on IL with bruised left knee,2022-12-07,2022-12-10,3
Luigi Datome / Gigi Datome,placed on IL,2014-12-12,2015-01-27,46
Luis Montero,placed on IL,2017-11-15,2018-01-13,59
Luis Scola,placed on IL for rest,2016-04-10,2016-04-12,2
Luka Doncic,placed on IL with strained left thigh,2023-03-10,2023-03-22,12
Luka Garza,placed on IL with sprained left ankle,2022-03-31,2022-04-01,1
Luke Babbitt,placed on IL,2018-04-09,2018-04-11,2
Luke Kennard,placed on IL with illness,2023-02-22,2023-02-25,3
Luke Kornet,placed on IL with sprained left ankle,2023-02-06,2023-02-08,2
Malachi Flynn,placed on IL with strained left hamstring,2022-03-06,2022-04-03,28
Malachi Richardson,placed on IL with sore right knee,2019-01-23,2019-02-06,14
Malaki Branham,placed on IL with right shoulder injury,2023-03-14,2023-03-15,1
Malcolm Brogdon,placed on IL with sore lower back,2023-04-07,2023-04-15,8
Malcolm Hill,placed on IL with NBA health and safety protocols,2021-12-31,2022-01-01,1
Malcolm Miller,placed on IL with strained neck,2020-01-30,2020-02-04,5
Malcolm Thomas (b. 1988-11-08),placed on IL,2014-04-06,2014-04-11,5
Malik Beasley,placed on IL with sprained left ankle,2022-03-26,2022-04-01,6
Malik Ellison,placed on IL with NBA health and safety protocols,2021-12-28,2022-01-04,7
Malik Fitts,placed on IL with fractured right wrist,2022-01-08,2022-01-13,5
Malik Monk,placed on IL with sprained right ankle,2023-02-13,2023-02-23,10
Mamadi Diakite,placed on IL with NBA health and safety protocols (DTD),2020-12-25,2021-03-11,76
Manny Harris,placed on IL,2017-03-23,2017-03-27,4
MarJon Beauchamp,placed on IL with illness,2022-11-30,2022-12-07,7
MarShon Brooks,placed on IL,2014-01-03,2014-01-13,10
Marc Gasol,placed on IL with left hamstring injury,2021-04-10,2021-04-12,2
Marcelinho Huertas / Marcelo Huertas,placed on IL,2017-02-10,2017-02-14,4
Marcin Gortat,placed on IL with sore left knee,2016-01-13,2016-01-16,3
Marco Belinelli,placed on IL with sprained left foot,2020-08-02,2020-08-05,3
Marcos Louzada Silva / Didi Louzada Silva / Didi Louzada,placed on IL with torn meniscus in left knee,2022-01-23,2022-03-30,66
Marcus Garrett,placed on IL with right wrist injury,2022-01-15,2022-01-16,1
Marcus Georges-Hunt,placed on IL with illness,2018-02-07,2018-02-23,16
Marcus Morris,placed on IL with lower back spasms,2023-04-05,2023-04-16,11
Marcus Paige,placed on IL,2018-03-26,2018-04-06,11
Marcus Smart,placed on IL with neck spasms,2023-04-05,2023-04-15,10
Marcus Thornton (T.),placed on IL with sprained right big toe,2015-03-25,2015-03-30,5
Mario Chalmers,placed on IL with right hamstring injury,2018-03-09,2018-03-17,8
Mario Hezonja,placed on IL with sprained left ankle,2020-02-11,2020-02-23,12
Mark Williams,placed on IL with sprained left ankle,2022-11-16,2022-11-20,4
Markelle Fultz,placed on IL with fractured left big toe,2022-10-19,2022-11-30,42
Markieff Morris,placed on IL with neck injury / whiplash,2021-11-09,2022-03-12,123
Marko Guduric,placed on IL with illness,2020-02-05,2020-02-06,1
Marko Simonovic,placed on IL with cervical strain,2023-01-25,2023-01-31,6
Markus Howard,placed on IL with illness,2022-01-23,2022-01-25,2
Marquese Chriss,placed on IL with illness,2022-04-08,2022-04-10,2
Marquis Teague,placed on IL,2014-04-05,2014-04-08,3
Marreese Speights,placed on IL with strained right calf,2015-05-11,2015-06-04,24
Martell Webster,placed on IL with sore right hip (out for season),2015-10-28,2015-11-30,33
Marvin Bagley III,placed on IL with fractured right hand,2023-01-03,2023-02-25,53
Marvin Williams,placed on IL with strained left groin,2020-07-31,2020-08-02,2
Mason Jones,placed on IL with sprained right ankle,2020-12-30,2021-01-08,9
Mason Plumlee,placed on IL with NBA health and safety protocols,2021-12-04,2021-12-13,9
Matt Barnes,placed on IL with sprained right ankle,2017-04-16,2017-05-02,16
Matt Mooney,placed on IL,2022-01-04,2022-01-10,6
Matt Ryan,placed on IL with illness,2023-03-27,2023-03-31,4
Matt Williams,placed on IL,2017-10-28,2017-12-20,53
Matthew Dellavedova,placed on IL with illness,2023-01-18,2023-01-20,2
Maurice Harkless / Moe Harkless,placed on IL with sprained right ankle,2022-03-07,2022-03-12,5
Maurice Ndour / Maurice N'dour,placed on IL,2017-03-20,2017-03-25,5
Maurice Williams / Mo Williams,placed on IL with left knee injury,2016-04-09,2016-05-02,23
Max Strus,placed on IL with right shoulder injury,2022-11-23,2022-11-27,4
Maximilian Kleber / Maxi Kleber,placed on IL with right hamstring injury,2023-03-08,2023-03-10,2
McKinley Wright IV,placed on IL with right foot injury,2023-01-18,2023-01-22,4
Melvin Frazier Jr.,placed on IL with sore lower back,2020-08-22,2020-08-28,6
Metta World Peace / Ron Artest,placed on IL,2017-02-08,2017-03-12,32
Meyers Leonard,placed on IL with strained left shoulder,2021-01-27,2021-03-25,57
Mfiondu Kabengele,placed on IL with NBA health and safety protocols,2021-03-14,2021-03-15,1
Michael Beasley,placed on IL with illness,2018-04-03,2018-04-06,3
Michael Carter-Williams,placed on IL with left ankle injury,2021-10-19,2022-02-10,114
Michael Frazier II,placed on IL,2020-02-22,2020-07-31,160
Michael Kidd-Gilchrist,placed on IL with conditioning,2020-07-30,2020-08-02,3
Michael Porter Jr.,placed on IL with bruised left heel,2022-11-23,2022-12-23,30
Mike Conley Jr.,placed on IL with right knee injury,2022-04-06,2022-04-08,2
Mike Dunleavy Jr.,placed on IL with sore right ankle,2017-03-29,2017-04-01,3
Mike Miller,placed on IL,2017-03-28,2017-03-31,3
Mike Muscala,placed on IL with finger injury,2022-11-23,2022-12-05,12
Mike Tobey,placed on IL,2017-02-09,2017-02-11,2
Miles Bridges,placed on IL with NBA health and safety protocols,2021-12-26,2022-01-02,7
Miles McBride,placed on IL with NBA health and safety protocols,2021-12-21,2021-12-28,7
Milos Teodosic,placed on IL for rest,2017-12-15,2017-12-16,1
Milton Doyle,placed on IL,2018-03-19,2018-04-03,15
Mitchell Robinson,placed on IL with sprained right knee,2022-11-05,2022-11-20,15
Miye Oni,placed on IL,2022-01-05,2022-01-07,2
Mohamed Bamba / Mo Bamba,placed on IL with back spasms,2022-11-30,2022-12-07,7
Monta Ellis,placed on IL with strained right groin,2016-12-12,2016-12-28,16
Montrezl Harrell,placed on IL with NBA health and safety protocols,2021-12-28,2022-01-10,13
Moses Moody,placed on IL with sore right shoulder,2022-03-20,2022-03-22,2
Moses Wright,placed on IL with NBA health and safety protocols,2021-12-27,2021-12-31,4
Moussa Diabate,placed on IL with illness,2023-01-15,2023-01-17,2
Mychal Mulder,placed on IL with NBA health and safety protocols,2021-12-22,2022-01-02,11
Myke Henry,placed on IL,2018-03-09,2018-04-04,26
Myles Powell,placed on IL with NBA health and safety protocols,2021-12-30,2022-01-05,6
Nah'Shon Hyland / Bones Hyland,placed on IL with finger injury,2023-01-24,2023-01-25,1
Naji Marshall,placed on IL with right big toe injury,2023-01-23,2023-01-25,2
Nando De Colo,placed on IL,2014-01-07,2014-01-12,5
Nate Darling,placed on IL with sprained right ankle,2021-04-14,2021-05-01,17
Nate Wolters,placed on IL,2017-12-04,2017-12-13,9
Naz Reid,placed on IL,2022-11-11,2022-11-16,5
Nazareth Mitrou-Long / Naz Mitrou-Long / Naz Long,placed on IL,2019-11-25,2020-02-27,94
Nazr Mohammed,placed on IL with strained right calf,2016-04-18,2016-04-25,7
Neemias Queta,placed on IL with NBA health and safety protocols,2021-12-21,2021-12-30,9
Nemanja Bjelica,placed on IL with illness,2022-03-16,2022-03-20,4
Nemanja Nedovic,placed on IL,2014-11-01,2014-11-09,8
Nene / Nene Hilario / Maybyner Hilario,placed on IL with adductor injury,2019-10-24,2020-02-06,105
Nick Johnson,placed on IL,2015-03-06,2015-03-11,5
Nick Richards,placed on IL with sore right foot,2022-02-27,2022-03-02,3
Nickeil Alexander-Walker,placed on IL with NBA health and safety protocols,2021-12-23,2021-12-31,8
Nicolas Batum,placed on IL with sprained left ankle,2023-01-05,2023-01-08,3
Nicolas Brussino,placed on IL,2017-11-15,2017-12-04,19
Nicolas Claxton / Nic Claxton,placed on IL with various injuries,2023-03-08,2023-03-10,2
Nicolo Melli,placed on IL with NBA health and safety protocols,2021-03-26,2021-03-27,1
Nigel Williams-Goss,placed on IL with sprained left ankle,2020-08-04,2020-08-13,9
Nik Stauskas,placed on IL with sprained right ankle,2022-04-01,2022-04-16,15
Nikola Jokic,placed on IL with right calf injury,2023-04-06,2023-04-08,2
Nikola Mirotic,placed on IL with fractured left thumb,2019-03-20,2019-04-14,25
Nikola Vucevic,placed on IL with strained right hamstring,2022-03-07,2022-03-09,2
Noah Vonleh,placed on IL with right ankle injury,2020-02-28,2020-03-05,6
Norman Powell,placed on IL with left shoulder subluxation,2023-03-03,2023-03-29,26
Norris Cole (Gene),placed on IL,2017-04-19,2017-04-21,2
Norvel Pelle,placed on IL with illness,2022-01-12,2022-01-15,3
Obi Toppin,placed on IL with strained left hamstring,2022-03-04,2022-03-13,9
Ogugua Anunoby / O.G. Anunoby,placed on IL with sore right ankle,2023-04-08,2023-04-12,4
Olivier Sarr,placed on IL,2022-01-05,2022-01-06,1
Omari Spellman,placed on IL with illness,2019-12-28,2019-12-30,2
Omer Asik,placed on IL,2018-03-15,2018-03-21,6
Omer Yurtseven,placed on IL with stomach illness,2022-04-08,2022-04-10,2
Omri Casspi,placed on IL with sore right knee,2019-01-26,2019-02-07,12
Onyeka Okongwu,placed on IL with left hamstring injury,2023-01-23,2023-01-25,2
Orlando Johnson,placed on IL,2014-02-07,2014-02-18,11
Orlando Robinson,placed on IL with fractured right thumb,2023-02-01,2023-02-08,7
P.J. Dozier,placed on IL with torn ACL in left knee,2021-11-24,2022-02-10,78
P.J. Hairston,placed on IL,2016-04-27,2016-04-29,2
P.J. Tucker,placed on IL with right calf injury,2023-04-07,2023-04-15,8
Pascal Siakam,placed on IL with NBA health and safety protocols,2021-12-18,2021-12-28,10
Pat Connaughton,placed on IL with left calf injury,2023-02-15,2023-02-25,10
Patric Young,placed on IL,2014-11-28,2014-11-29,1
Patrick Baldwin Jr.,placed on IL with back injury,2022-11-13,2022-11-21,8
Patrick Beverley,placed on IL with sore left knee,2023-01-31,2023-02-02,2
Patrick Christopher,placed on IL with right knee injury,2015-01-03,2015-01-06,3
Patrick McCaw,placed on IL with left knee injury,2021-03-24,2021-04-09,16
Patrick Mills / Patty Mills,placed on IL with illness,2022-12-21,2022-12-21,0
Patrick Patterson,placed on IL with bruised left knee,2017-02-15,2017-02-24,9
Patrick Williams,placed on IL with surgery on left wrist to repair dislocation,2021-10-29,2022-03-20,142
Pau Gasol,placed on IL with left foot injury,2019-10-23,2019-11-20,28
Paul Millsap,placed on IL with illness,2022-04-10,2022-04-15,5
Paul Pierce,placed on IL with sprained ankle,2016-10-27,2016-11-04,8
Paul Reed,placed on IL with NBA health and safety protocols,2022-01-04,2022-01-11,7
Payton Pritchard,placed on IL with left heel injury,2023-04-05,2023-04-07,2
Pero Antic,placed on IL,2015-01-17,2015-01-19,2
Perry Jones III,placed on IL with ankle injury,2015-02-02,2015-02-04,2
Petr Cornelie,placed on IL with NBA health and safety protocols,2022-01-07,2022-01-09,2
Precious Achiuwa,placed on IL with torn ligament in right ankle,2022-11-10,2023-01-02,53
Quentin Grimes,placed on IL with foot injury,2022-10-19,2022-11-02,14
Quincy Acy,placed on IL with strained right middle finger,2018-02-06,2018-02-10,4
Quincy Miller,placed on IL,2015-03-11,2015-03-17,6
Quinn Cook,placed on IL,2018-02-03,2018-02-24,21
Quinndary Weatherspoon,placed on IL with sore left ankle,2022-04-02,2022-04-03,1
R.J. Barrett,placed on IL with illness,2023-04-02,2023-04-07,5
R.J. Hampton,placed on IL with left knee injury,2022-01-20,2022-02-24,35
R.J. Hunter,placed on IL,2018-04-10,2018-04-11,1
Rajon Rondo,placed on IL with sprained right ankle,2022-03-14,2022-04-03,20
Rakeem Christmas,placed on IL,2017-02-13,2017-02-16,3
Ramon Sessions,placed on IL,2018-04-14,2018-04-27,13
Randy Foye,placed on IL with strained hamstring,2016-10-26,2016-11-04,9
Rashad Vaughn,placed on IL with sore right knee,2018-03-05,2018-03-07,2
Rasual Butler,placed on IL,2016-03-07,2016-03-08,1
Raulzinho Neto / Raul Neto,placed on IL with strained left hamstring,2023-03-23,2023-03-31,8
Ray Allen,placed on IL with stomach virus,2014-03-28,2014-04-02,5
Ray McCallum Jr.,placed on IL,2016-01-14,2016-01-21,7
Raymond Felton,placed on IL with left eye injury,2016-01-20,2016-01-22,2
Reggie Bullock,placed on IL with bruised right quadriceps,2023-03-08,2023-03-10,2
Reggie Evans,placed on IL with bruised right knee,2015-02-20,2015-02-25,5
Reggie Hearn,placed on IL,2018-03-13,2018-04-06,24
Reggie Jackson (Shon),placed on IL with left Achilles injury,2022-12-15,2022-12-21,6
Reggie Perry,placed on IL with ineligible,2022-02-06,2022-02-14,8
Richard Jefferson,placed on IL,2017-11-17,2017-11-19,2
Richaun Holmes,placed on IL with illness,2023-03-03,2023-03-06,3
Ricky Ledo,placed on IL,2014-12-30,2015-02-02,34
Ricky Rubio,placed on IL recovering from torn ACL in left knee,2022-10-19,2023-01-12,85
Rob Edwards,placed on IL,2022-01-05,2022-01-06,1
Robbie Hummel,placed on IL with fractured right hand,2015-03-02,2015-03-29,27
Robert Covington,placed on IL with NBA health and safety protocols,2022-10-30,2022-11-06,7
Robert Sacre,placed on IL,2016-02-24,2016-02-26,2
Robert Williams III,placed on IL with strained left hamstring,2023-03-04,2023-03-21,17
Robert Woodard II,placed on IL with NBA health and safety protocols,2022-01-12,2022-01-18,6
Robin Lopez,placed on IL with NBA health and safety protocols,2021-12-29,2022-01-12,14
Rodions Kurucs,placed on IL with biceps injury,2021-04-25,2021-04-27,2
Rodney Hood,placed on IL with sore right Achilles,2022-01-28,2022-01-30,2
Rodney McGruder,placed on IL with sprained right ankle,2023-03-06,2023-03-07,1
Rodney Stuckey,placed on IL with strained patellar tendon in left knee,2017-03-28,2017-03-29,1
Romeo Langford,placed on IL with left adductor injury,2023-03-22,2023-03-26,4
Rondae Hollis-Jefferson,placed on IL with left knee injury,2020-08-21,2020-08-23,2
Ronnie Price,placed on IL with left leg injury,2017-03-21,2017-03-28,7
Ronny Turiaf,placed on IL with sore right hip,2014-10-29,2014-11-12,14
Roy Devyn Marble / Roy Marble (Devyn),placed on IL,2016-02-05,2016-02-07,2
Roy Hibbert,placed on IL,2017-03-26,2017-03-28,2
Royce O'Neale,placed on IL with sore left knee,2023-03-08,2023-03-10,2
Ruben Nembhard / R.J. Nembhard Jr.,placed on IL with illness,2022-03-26,2022-03-27,1
Rudy Gobert,placed on IL with illness,2023-02-26,2023-02-28,2
Rui Hachimura,placed on IL with sore right ankle,2022-11-20,2022-12-22,32
Russell Westbrook,placed on IL with hamstring injury,2022-10-26,2022-10-28,2
Ryan Anderson,placed on IL with sprained left ankle,2018-04-05,2018-04-21,16
Ryan Arcidiacono,placed on IL with sore lower back,2023-02-25,2023-03-12,15
Ryan Broekhoff,placed on IL with fractured fibula in left leg,2019-12-31,2020-01-27,27
Saben Lee,placed on IL with NBA health and safety protocols,2021-12-23,2022-01-02,10
Saddiq Bey,placed on IL with sprained right ankle,2022-11-19,2022-11-27,8
Salah Mejri,placed on IL with illness,2019-03-23,2019-03-26,3
Sam Dekker,placed on IL with sprained left ankle,2018-11-30,2018-12-10,10
Sam Hauser,placed on IL with right shoulder injury,2022-05-06,2022-06-01,26
Sam Merrill,placed on IL with sprained left ankle,2021-11-19,2022-01-01,43
Sandro Mamukelashvili,placed on IL with NBA health and safety protocols,2023-01-11,2023-01-12,1
Santi Aldama,placed on IL with sore left elbow,2023-04-07,2023-04-16,9
Scottie Barnes,placed on IL with sore left wrist,2023-03-24,2023-03-26,2
Scottie Lewis,placed on IL with NBA health and safety protocols,2021-12-27,2022-01-05,9
Scotty Hopson,placed on IL,2022-01-05,2022-01-06,1
Sean Kilpatrick,placed on IL with illness,2017-10-24,2017-10-27,3
Sekou Doumbouya,placed on IL with NBA health and safety protocols,2022-01-18,2022-01-27,9
Semi Ojeleye,placed on IL with NBA health and safety protocols,2021-12-30,2022-01-05,6
Serge Ibaka,placed on IL with illness,2022-11-27,2022-12-07,10
Sergey Karasev,placed on IL,2016-03-22,2016-03-24,2
Seth Curry,placed on IL with left adductor injury,2023-02-06,2023-02-15,9
Shabazz Muhammad,placed on IL with sprained right ankle,2018-04-11,2018-04-15,4
Shai Gilgeous-Alexander,placed on IL with sprained left ankle,2023-03-28,2023-03-31,3
Shake Milton,placed on IL with back injury,2022-01-04,2022-02-11,38
Shane Battier,placed on IL with sore quadriceps,2014-01-04,2014-01-15,11
Shane Larkin,placed on IL with illness,2018-03-31,2018-04-06,6
Shaq Buchanan,placed on IL with NBA health and safety protocols,2021-12-31,2022-01-04,4
Shaquille Harrison,placed on IL with NBA health and safety protocols,2021-04-09,2021-04-15,6
Sharife Cooper,placed on IL with NBA health and safety protocols,2021-12-23,2022-01-01,9
Shaun Livingston,placed on IL with sore left knee,2019-04-10,2019-04-12,2
Shawn Marion,placed on IL with strained left hip,2015-02-24,2015-03-16,20
Sheldon McClellan / Sheldon Mac,placed on IL recovering from surgery to repair torn left Achilles tendon,2017-10-18,2018-02-08,113
Shelvin Mack,placed on IL,2019-03-15,2019-03-19,4
Simone Fontecchio,placed on IL with toe injury,2023-03-27,2023-03-29,2
Sindarius Thornwell,placed on IL with NBA health and safety protocols,2021-01-02,2021-01-08,6
Skylar Mays,placed on IL with illness,2022-03-22,2022-03-31,9
Solomon Hill,placed on IL with right hamstring injury (out for season),2021-12-06,2022-01-19,44
Solomon Jones,placed on IL with sprained left ankle,2014-01-02,2014-01-02,0
Spencer Dinwiddie,placed on IL with right knee injury,2022-03-30,2022-03-31,1
Spencer Hawes,placed on IL,2017-04-10,2017-04-12,2
Stanley Johnson,placed on IL with NBA health and safety protocols,2021-12-11,2021-12-18,7
Stephen Curry,placed on IL with left leg injury,2023-02-05,2023-03-05,28
Stephen Zimmerman Jr.,placed on IL,2017-04-08,2017-04-12,4
Steve Nash,placed on IL with back injury (out for season),2014-10-28,2015-04-01,155
Steve Novak,placed on IL,2017-01-10,2017-02-01,22
Steven Adams,placed on IL with illness,2023-01-08,2023-01-09,1
Sviatoslav Mykhailiuk / Svi Mykhailiuk,placed on IL with NBA health and safety protocols,2022-01-04,2022-01-06,2
T.J. Leaf,placed on IL with illness,2021-05-07,2021-05-08,1
T.J. Warren,placed on IL with bruised left shin,2023-01-28,2023-02-06,9
Tacko Fall,placed on IL with sprained left ankle,2021-01-17,2021-01-19,2
Taj Gibson,placed on IL with neck injury,2022-11-12,2022-11-16,4
Tarik Black,placed on IL with knee injury,2017-04-02,2017-04-05,3
Taurean Prince,placed on IL with NBA health and safety protocols,2021-12-17,2021-12-31,14
Tayshaun Prince,placed on IL,2015-01-14,2015-01-19,5
Terance Mann,placed on IL with sprained left ankle,2021-11-16,2021-11-18,2
Terrance Ferguson,placed on IL with NBA health and safety protocols,2021-03-27,2021-03-28,1
Terrence Jones,placed on IL with illness,2019-03-11,2019-03-13,2
Terrence Ross,placed on IL with toe injury,2023-03-01,2023-03-05,4
Terry Taylor,placed on IL with illness,2022-02-11,2022-02-12,1
Thabo Sefolosha,placed on IL with illness,2019-12-23,2019-12-28,5
Thaddeus Young,placed on IL with illness,2022-03-03,2022-03-04,1
Thanasis Antetokounmpo,placed on IL with NBA health and safety protocols,2022-01-01,2022-01-05,4
Theo Maledon,placed on IL with left foot injury,2021-05-10,2021-05-13,3
Theo Pinson,placed on IL with fractured finger,2022-02-14,2022-04-04,49
Thomas Robinson,placed on IL with flu,2017-02-28,2017-03-03,3
Thon Maker,placed on IL with strained right groin,2018-03-27,2018-04-07,11
Tiago Splitter,placed on IL with strained right calf,2016-10-27,2017-03-28,152
Tibor Pleiss,placed on IL,2016-04-08,2016-04-13,5
Tim Duncan,placed on IL for rest,2016-04-13,2016-04-17,4
Tim Frazier,placed on IL with illness,2020-01-22,2020-01-24,2
Tim Hardaway Jr.,placed on IL with illness,2023-03-22,2023-03-26,4
Tim Quarterman,placed on IL,2017-04-04,2017-04-06,2
Timofey Mozgov,placed on IL,2017-03-19,2017-03-26,7
Timothe Luwawu-Cabarrot,placed on IL with NBA health and safety protocols,2021-12-22,2022-01-01,10
Tobias Harris,placed on IL with left hip injury,2023-04-07,2023-04-15,8
Tomas Satoransky,placed on IL with NBA health and safety protocols,2022-01-02,2022-01-10,8
Toney Douglas,placed on IL,2015-12-14,2015-12-20,6
Tony Allen,placed on IL with fractured fibula in left leg,2017-12-11,2018-01-30,50
Tony Bradley,placed on IL with NBA health and safety protocols,2021-12-26,2022-01-06,11
Tony Snell,placed on IL with sprained right foot,2021-10-19,2021-10-31,12
Torrey Craig,placed on IL with strained right groin,2022-12-02,2022-12-07,5
Trae Young,placed on IL with right groin injury,2023-04-08,2023-04-11,3
Travis Wear,placed on IL,2018-03-30,2018-04-01,2
Tre Jones,placed on IL with illness,2023-03-12,2023-03-15,3
Tre Mann,placed on IL with back injury,2022-11-14,2022-11-21,7
Tremont Waters,placed on IL with NBA health and safety protocols,2022-01-03,2022-01-09,6
Trendon Watford,placed on IL with hip injury,2022-10-19,2022-11-05,17
Treveon Graham,placed on IL with illness,2020-01-02,2020-01-05,3
Trevor Ariza,placed on IL with NBA health and safety protocols,2021-12-23,2021-12-31,8
Trevor Booker,placed on IL,2018-03-29,2018-04-01,3
Trey Burke,placed on IL with NBA health and safety protocols,2022-03-29,2022-04-04,6
Trey Lyles,placed on IL with sore right shoulder,2023-03-18,2023-03-20,2
Trey Murphy III,placed on IL with illness,2022-12-26,2022-12-28,2
Tristan Thompson,placed on IL with right quadricep injury,2022-01-12,2022-01-18,6
Troy Brown Jr.,placed on IL with strained left quadriceps,2023-01-09,2023-01-12,3
Troy Daniels,placed on IL with right hip injury,2020-08-06,2020-08-08,2
Ty Lawson,placed on IL with upper respiratory infection,2016-04-06,2016-04-08,2
Ty-Shon Alexander,placed on IL with illness,2021-06-02,2021-06-07,5
Tyler Cook,placed on IL with sprained left ankle,2022-01-03,2022-01-19,16
Tyler Dorsey,placed on IL with bruised left knee,2019-01-30,2019-02-01,2
Tyler Ennis,placed on IL,2017-02-24,2017-02-26,2
Tyler Hansbrough,placed on IL with sprained right shoulder,2014-11-21,2014-11-30,9
Tyler Herro,placed on IL with bruised right quadriceps,2023-04-07,2023-04-09,2
Tyler Johnson,placed on IL with NBA health and safety protocols,2021-12-30,2022-01-01,2
Tyler Lydon,placed on IL with concussion,2019-02-11,2019-02-13,2
Tyler Ulis,placed on IL with lower back injury,2018-02-12,2018-02-14,2
Tyler Zeller,placed on IL with sore ribs / back injury,2018-03-17,2018-03-21,4
Tyreke Evans,placed on IL with sore right knee,2019-04-07,2019-04-10,3
Tyrese Maxey,placed on IL with stiff neck,2023-04-06,2023-04-15,9
Tyrone Wallace,placed on IL,2018-02-28,2018-03-27,27
Tyus Jones,placed on IL with sore left foot,2023-03-29,2023-03-30,1
Udonis Haslem,placed on IL with NBA health and safety protocols,2021-12-28,2022-11-10,317
Usman Garuba,placed on IL with sprained left ankle,2022-03-17,2022-03-23,6
Vander Blue,placed on IL,2018-01-03,2018-01-10,7
Vernon Carey Jr.,placed on IL with bruised right quadriceps,2023-01-11,2023-01-16,5
Vic Law,placed on IL with left Achilles injury,2020-08-24,2020-08-28,4
Victor Claver,placed on IL,2015-02-07,2015-02-11,4
Victor Oladipo,placed on IL with left knee injury,2022-12-15,2022-12-17,2
Vince Carter,placed on IL with kidney stone,2017-11-09,2017-11-25,16
Vince Williams Jr.,placed on IL with sore right shoulder,2023-03-05,2023-04-02,28
Vincent Poirier,placed on IL with fractured finger,2019-12-18,2020-01-13,26
Vit Krejci,placed on IL with sprained right ankle,2022-01-16,2022-02-06,21
Vitor Faverani,placed on IL recovering from surgery on left knee,2014-10-29,2014-12-18,50
Vlatko Cancar,placed on IL with sprained right wrist,2023-03-03,2023-03-10,7
Wayne Ellington,placed on IL with illness,2022-03-18,2022-03-21,3
Wayne Selden Jr.,placed on IL with NBA health and safety protocols,2021-12-28,2022-01-03,6
Wendell Carter Jr.,placed on IL with left hip injury,2023-03-05,2023-03-11,6
Wesley Iwundu / Wes Iwundu,placed on IL with NBA health and safety protocols,2021-12-24,2021-12-29,5
Wesley Johnson / Wes Johnson,placed on IL,2017-03-29,2017-04-05,7
Wesley Matthews / Wes Matthews Jr.,placed on IL with strained right calf,2023-02-24,2023-03-13,17
Will Barton,placed on IL with sprained left ankle,2023-03-28,2023-04-04,7
Will Bynum,placed on IL,2015-05-03,2015-05-05,2
Willie Cauley-Stein,placed on IL with illness,2021-11-29,2022-01-15,47
Willie Green,placed on IL with illness,2014-12-21,2014-12-23,2
Willie Reed,placed on IL,2016-03-24,2016-03-29,5
Xavier Moon,placed on IL with NBA health and safety protocols,2022-01-06,2022-01-09,3
Xavier Tillman,placed on IL with right thigh injury,2022-02-12,2022-02-23,11
Yogi Ferrell,placed on IL,2016-12-05,2016-12-07,2
Yuta Watanabe,placed on IL with sore back,2023-03-02,2023-03-05,3
Yves Pons,placed on IL with left thigh injury,2022-02-07,2022-03-06,27
Zach LaVine,placed on IL,2022-10-28,2022-10-29,1
Zach Randolph,placed on IL with gastroentritis,2018-03-22,2018-03-27,5
Zaur Pachulia / Zaza Pachulia,placed on IL with right Achilles injury,2019-03-06,2019-03-08,2
Zeke Nnaji,placed on IL with knee injury,2023-04-02,2023-04-06,4
Ziaire Williams,placed on IL with sore right foot,2023-03-28,2023-04-09,12
Zoran Dragic,placed on IL,2015-03-09,2015-03-20,11
Zylan Cheatham,placed on IL with NBA health and safety protocols,2021-12-29,2022-01-01,3
‚Ä¢ A.J. Green,placed on IL with strained left quadriceps,2025-01-21,2025-01-31,10
‚Ä¢ A.J. Griffin,placed on IL with lower leg injury,2024-03-16,2024-04-12,27
‚Ä¢ Aaron Gordon,placed on IL with right calf injury,2025-02-03,2025-02-05,2
‚Ä¢ Aaron Nesmith,placed on IL with sprained left ankle,2024-11-08,2025-01-16,69
‚Ä¢ Adem Bona,placed on IL with knee injury,2024-12-05,2024-12-19,14
‚Ä¢ Admiral Schofield,placed on IL with illness,2024-01-09,2024-01-13,4
‚Ä¢ Al Horford,sprained left big toe (DTD),2025-01-29,2025-01-31,2
‚Ä¢ Alec Burks,placed on IL with sprained right shoulder,2024-03-27,2024-03-31,4
‚Ä¢ Aleksandar Vezenkov / Sasha Vezenkov,placed on IL with sprained right ankle,2024-02-11,2024-03-31,49
‚Ä¢ Aleksej Pokusevski,placed on IL with illness,2024-03-31,2024-04-01,1
‚Ä¢ Alex Caruso,placed on IL with sprained ankle,2025-01-31,2025-02-04,4
‚Ä¢ Alex Len,placed on IL with illness,2024-02-25,2024-02-26,1
‚Ä¢ Alperen Sengun,bruised left calf (DTD),2025-01-30,2025-02-04,5
‚Ä¢ Amare Stoudemire / Amar'e Stoudemire,placed on IL with sprained left ankle,2015-02-19,2015-02-22,3
‚Ä¢ Amari Bailey,placed on IL with illness,2024-04-03,2024-04-10,7
‚Ä¢ Amen Thompson,tightness in left calf (DTD),2025-01-18,2025-01-20,2
‚Ä¢ Andrew Nembhard,back injury (DTD),2025-01-29,2025-01-31,2
‚Ä¢ Andrew Wiggins,placed on IL with right ankle impingement,2024-12-08,2024-12-15,7
‚Ä¢ Anfernee Simons,placed on IL with strained right elbow,2025-01-19,2025-01-21,2
‚Ä¢ Anthony Black,placed on IL with back spasms,2025-01-01,2025-01-05,4
‚Ä¢ Anthony Edwards,placed on IL with illness,2025-02-01,2025-02-03,2
‚Ä¢ Anthony Gill,sore right knee (DTD),2024-04-07,2024-04-09,2
‚Ä¢ Ariel Hukporti,placed on IL with illness,2025-01-25,2025-01-27,2
‚Ä¢ Arron Afflalo,placed on IL,2015-02-20,2015-02-22,2
‚Ä¢ Ausar Thompson,placed on IL with illness,2025-01-06,2025-01-09,3
‚Ä¢ Austin Reaves,placed on IL with bruised pelvis,2024-12-01,2024-12-13,12
‚Ä¢ Austin Rivers,left ankle injury / sore left foot (DTD),2015-02-19,2015-02-21,2
‚Ä¢ Ayo Dosunmu,strained soleus muscle in right calf (DTD),2025-01-20,2025-01-22,2
‚Ä¢ Ben Sheppard,placed on IL with strained left oblique,2024-11-18,2024-12-19,31
‚Ä¢ Ben Simmons,placed on IL with back injury,2025-02-03,2025-02-05,2
‚Ä¢ Bennedict Mathurin,illness (DTD),2025-01-29,2025-01-31,2
‚Ä¢ Bilal Coulibaly,placed on IL with illness,2025-01-02,2025-01-07,5
‚Ä¢ Bismack Biyombo,sore back (DTD),2023-12-18,2023-12-19,1
‚Ä¢ Blake Griffin,placed on IL with sore lower back,2023-05-05,2023-05-07,2
‚Ä¢ Bobby Portis,placed on IL with bruised right elbow,2024-11-13,2024-11-16,3
‚Ä¢ Bogdan Bogdanovic,bruised left lower leg (DTD),2025-01-04,2025-01-07,3
‚Ä¢ Bol Bol,placed on IL with bruised left knee,2024-12-21,2024-12-31,10
‚Ä¢ Bradley Beal,placed on IL with sprained left ankle,2025-01-22,2025-01-25,3
‚Ä¢ Brandin Podziemski,placed on IL with abdominal injury,2024-12-29,2025-01-23,25
‚Ä¢ Brandon Boston Jr. / B.J. Boston Jr.,illness (DTD),2023-12-12,2023-12-14,2
‚Ä¢ Brandon Clarke,placed on IL with sore back,2025-02-03,2025-02-05,2
‚Ä¢ Brandon Williams (b. 1975-02-27),placed on IL with sprained right thumb,2024-12-09,2024-12-26,17
‚Ä¢ Braxton Key,illness (DTD),2024-02-22,2024-02-23,1
‚Ä¢ Brice Sensabaugh,placed on IL with sprained right ankle,2025-01-22,2025-01-24,2
‚Ä¢ Bronny James,placed on IL with illness,2025-01-13,2025-01-16,3
‚Ä¢ Brook Lopez,placed on IL with back injury,2025-02-03,2025-02-04,1
‚Ä¢ Bruce Brown,right knee injury (DTD),2025-01-09,2025-01-10,1
‚Ä¢ Bruno Fernando,placed on IL with left big toe injury,2024-12-29,2024-12-31,2
‚Ä¢ Bryce McGowens,placed on IL with strained right knee,2024-03-09,2024-03-25,16
‚Ä¢ C.J. McCollum,placed on IL with strained right adductor,2024-11-01,2024-11-25,24
‚Ä¢ Cade Cunningham,left hip injury (DTD),2024-11-30,2024-12-02,2
‚Ä¢ Caleb Houstan,placed on IL with illness,2025-02-03,2025-02-04,1
‚Ä¢ Cam Reddish,back injury (DTD),2025-01-07,2025-01-10,3
‚Ä¢ Cam Whitmore,illness (DTD),2025-01-27,2025-01-28,1
‚Ä¢ Cameron Bairstow,placed on IL,2015-02-20,2015-02-21,1
‚Ä¢ Cameron Johnson,placed on IL with sprained right ankle,2025-01-25,2025-02-05,11
‚Ä¢ Cameron Payne,left elbow injury (DTD),2024-12-05,2024-12-09,4
‚Ä¢ Caris LeVert,placed on IL with wrist injury,2025-01-20,2025-02-02,13
‚Ä¢ Caron Butler,placed on IL with back spasms,2015-02-11,2015-02-20,9
‚Ä¢ Chris Boucher,placed on IL with illness,2025-02-04,2025-02-05,1
‚Ä¢ Chris Duarte,placed on IL with sprained right ankle,2024-02-07,2024-02-13,6
‚Ä¢ Chris Kaman,placed on IL with ankle injury,2015-02-11,2015-02-20,9
‚Ä¢ Chris Livingston,placed on IL with illness,2024-12-25,2024-12-28,3
‚Ä¢ Chris Paul,placed on IL with fractured hand,2024-01-06,2024-02-26,51
‚Ä¢ Christian Braun,placed on IL with strained lower back,2024-12-16,2024-12-19,3
‚Ä¢ Christian Koloko,blood clots (out indefinitely),2024-10-21,2024-10-29,8
‚Ä¢ Coby White,placed on IL with sore ankle,2025-01-23,2025-01-29,6
‚Ä¢ Cody Zeller,placed on IL with bruised/sore left knee,2024-02-12,2024-02-22,10
‚Ä¢ Colby Jones,placed on IL with sore lower back,2023-12-07,2023-12-11,4
‚Ä¢ Cole Anthony,illness (DTD),2025-01-21,2025-01-25,4
‚Ä¢ Colin Castleton,placed on IL with fractured right wrist,2024-02-25,2024-03-27,31
‚Ä¢ Collin Gillespie,placed on IL with fractured right ankle,2024-11-12,2025-01-05,54
‚Ä¢ Craig Porter Jr.,placed on IL with illness,2025-02-02,2025-02-03,1
‚Ä¢ D'Angelo Russell,left hamstring injury (DTD),2025-01-22,2025-01-25,3
‚Ä¢ D.J. Carton,placed on IL with ankle injury,2024-11-18,2024-11-29,11
‚Ä¢ DaQuan Jeffries,placed on IL with illness,2025-01-12,2025-01-15,3
‚Ä¢ Daishen Nix,placed on IL with sprained right ankle,2024-12-24,2024-12-31,7
‚Ä¢ Dalano Banton,bruised left hip (DTD),2024-12-26,2025-01-02,7
‚Ä¢ Damian Lillard,placed on IL with sore left groin,2025-02-03,2025-02-05,2
‚Ä¢ Daniel Gafford,ankle injury (DTD),2025-02-02,2025-02-03,1
‚Ä¢ Danilo Gallinari,placed on IL with lower back spasms,2023-12-29,2024-01-03,5
‚Ä¢ Dante Exum,placed on IL recovering from surgery on right wrist (date approximate),2024-10-23,2025-01-31,100
‚Ä¢ Dario Saric,placed on IL with sprained left ankle,2024-12-07,2024-12-22,15
‚Ä¢ Dariq Whitehead,placed on IL with concussion protocol,2025-01-09,2025-01-12,3
‚Ä¢ Darius Garland,sore left groin (DTD),2024-11-20,2024-11-23,3
‚Ä¢ Davion Mitchell,placed on IL with foot injury,2025-02-02,2025-02-03,1
‚Ä¢ Day'Ron Sharpe,illness (DTD),2025-01-08,2025-01-09,1
‚Ä¢ De'Aaron Fox,placed on IL with bruised left knee,2024-02-28,2024-03-04,5
‚Ä¢ De'Andre Hunter,placed on IL with illness,2025-01-25,2025-01-27,2
‚Ä¢ DeMar DeRozan,placed on IL with lower back injury,2024-11-26,2024-12-01,5
‚Ä¢ Deandre Ayton,placed on IL with sore left knee,2025-01-23,2025-01-28,5
‚Ä¢ Delon Wright,placed on IL with sprained MCL in right knee,2023-11-11,2024-04-29,170
‚Ä¢ Deni Avdija,placed on IL with sprained right ankle,2025-01-18,2025-01-19,1
‚Ä¢ Dennis Schr√∂der,sore right ankle (DTD),2024-11-24,2024-11-25,1
‚Ä¢ Derrick Jones Jr.,placed on IL with right hamstring injury,2024-12-10,2024-12-19,9
‚Ä¢ Derrick White,placed on IL with bruised right shin,2025-01-27,2025-01-28,1
‚Ä¢ Devin Booker,placed on IL with sore left groin,2024-12-20,2024-12-31,11
‚Ä¢ Devin Carter,placed on IL with sore right wrist,2025-01-18,2025-01-21,3
‚Ä¢ Devin Vassell,placed on IL with right foot injury,2024-12-06,2024-12-07,1
‚Ä¢ Devonte' Graham,placed on IL with illness,2023-12-28,2023-12-31,3
‚Ä¢ Dillon Brooks,placed on IL with sore right ankle,2024-12-23,2024-12-29,6
‚Ä¢ Domantas Sabonis,placed on IL with illness,2024-12-26,2024-12-28,2
‚Ä¢ Dominick Barlow,bruised lower back (DTD),2024-10-22,2024-10-28,6
‚Ä¢ Donovan Clingan,sprained left ankle (DTD),2025-01-15,2025-01-24,9
‚Ä¢ Dorian Finney-Smith,placed on IL with shoulder injury,2025-01-30,2025-02-01,2
‚Ä¢ Doug McDermott,placed on IL with illness,2025-01-29,2025-01-31,2
‚Ä¢ Draymond Green,placed on IL with strained left calf,2025-01-19,2025-02-03,15
‚Ä¢ Drew Eubanks,placed on IL with illness,2024-10-28,2024-10-29,1
‚Ä¢ Duane Washington Jr.,right thumb injury (DTD),2024-02-08,2024-02-12,4
‚Ä¢ Duncan Robinson,right foot injury (DTD),2024-12-29,2025-01-01,3
‚Ä¢ Edrice Adebayo / Bam Adebayo,bruised lower back (DTD),2025-01-13,2025-01-15,2
‚Ä¢ Eric Gordon,knee injury (DTD),2025-02-02,2025-02-05,3
‚Ä¢ Ersan Ilyasova,illness (DTD),2015-02-20,2015-02-21,1
‚Ä¢ Eugene Omoruyi,placed on IL with sprained left ankle,2024-03-18,2024-04-01,14
‚Ä¢ Evan Fournier,sore right knee (DTD),2024-04-06,2024-04-09,3
‚Ä¢ Evan Mobley,placed on IL with strained right calf,2025-01-18,2025-01-25,7
‚Ä¢ Frank Ntilikina,placed on IL with right hip impingement,2024-02-07,2024-02-08,1
‚Ä¢ Franz Wagner,placed on IL with torn right oblique muscle,2024-12-07,2025-01-23,47
‚Ä¢ Furkan Korkmaz,placed on IL with illness,2024-01-02,2024-01-09,7
‚Ä¢ Gabe Vincent,placed on IL with sore left knee,2025-01-27,2025-02-01,5
‚Ä¢ Garrett Temple,back spasms (DTD),2024-11-06,2024-11-12,6
‚Ä¢ Garrison Mathews,placed on IL with sprained left ankle,2024-01-09,2024-01-12,3
‚Ä¢ Gary Harris,placed on IL with strained left hamstring,2025-01-03,2025-01-30,27
‚Ä¢ Gary Payton II,placed on IL with strained left calf,2024-12-26,2025-01-15,20
‚Ä¢ Gary Trent Jr.,placed on IL with strained left hip flexor,2025-01-12,2025-01-17,5
‚Ä¢ Goga Bitadze,placed on IL with concussion protocol,2025-01-15,2025-01-27,12
‚Ä¢ Gordon Hayward,placed on IL with lower leg injury,2024-04-07,2024-04-10,3
‚Ä¢ Gradey Dick,placed on IL with illness,2025-01-29,2025-01-31,2
‚Ä¢ Grayson Allen,placed on IL with sore left shoulder,2024-12-31,2025-01-03,3
‚Ä¢ Gregory Jackson II / G.G. Jackson,placed on IL with surgery on foot,2024-10-23,2025-01-19,88
‚Ä¢ Guerschon Yabusele,right knee injury (DTD),2025-01-18,2025-01-21,3
‚Ä¢ Gui Santos,placed on IL with sore right knee,2024-02-25,2024-03-03,7
‚Ä¢ Haywood Highsmith,placed on IL with concussion protocols,2024-01-01,2024-01-07,6
‚Ä¢ Henri Drell,sprained right thumb (DTD),2023-12-19,2023-12-30,11
‚Ä¢ Hunter Tyson,placed on IL with fractured left finger,2024-02-12,2024-02-28,16
‚Ä¢ Ibou Badji,placed on IL with sore lower back,2024-04-05,2024-04-07,2
‚Ä¢ Isaiah Canaan,placed on IL,2015-02-20,2015-02-22,2
‚Ä¢ Isaiah Collier,placed on IL with strained right hamstring,2024-10-22,2024-11-07,16
‚Ä¢ Isaiah Crawford,sprained left ankle (DTD),2024-11-25,2024-11-29,4
‚Ä¢ Isaiah Hartenstein,placed on IL with strained soleus muscle in left calf,2025-01-15,2025-01-25,10
‚Ä¢ Isaiah Joe,placed on IL with illness,2025-01-22,2025-01-25,3
‚Ä¢ Isaiah Livers,placed on IL with sore right hip / right hip inflammation (out for season),2024-01-24,2024-04-05,72
‚Ä¢ Isaiah Stewart,placed on IL with hyperextended left knee,2024-12-19,2024-12-28,9
‚Ä¢ Ishmail Wainright / Ish Wainright,placed on IL with sprained MCL in left knee,2023-11-19,2023-12-15,26
‚Ä¢ Ivica Zubac,placed on IL with corneal abrasion,2025-01-20,2025-01-23,3
‚Ä¢ J.D. Davison,placed on IL with sprained left ankle,2024-03-29,2024-04-02,4
‚Ä¢ J.T. Thor,left shoulder inflammation (DTD),2024-03-23,2024-03-25,2
‚Ä¢ Ja'Kobe Walter,placed on IL with illness,2024-12-26,2024-12-29,3
‚Ä¢ JaVale McGee,placed on IL with illness,2024-04-11,2024-04-12,1
‚Ä¢ Jaden Hardy,placed on IL with sprained right ankle,2025-01-19,2025-01-25,6
‚Ä¢ Jaden McDaniels,placed on IL with sprained right ankle,2023-11-21,2023-12-11,20
‚Ä¢ Jaden Springer,placed on IL with left knee injury,2024-11-10,2024-11-16,6
‚Ä¢ Jae Crowder,placed on IL with sore lower back,2024-12-30,2025-01-01,2
‚Ä¢ Jae'Sean Tate,illness (DTD),2024-12-29,2024-12-31,2
‚Ä¢ Jaime Jaquez Jr.,illness (DTD),2025-01-27,2025-01-28,1
‚Ä¢ Jake LaRavia,placed on IL with back injury,2025-01-21,2025-01-27,6
‚Ä¢ Jalen Brunson,tightness in right calf (DTD),2025-01-01,2025-01-03,2
‚Ä¢ Jalen Duren,placed on IL with sprained right wrist,2024-12-12,2024-12-15,3
‚Ä¢ Jalen Slawson,illness (DTD),2023-10-25,2023-10-27,2
‚Ä¢ Jalen Smith,placed on IL with illness,2025-02-02,2025-02-04,2
‚Ä¢ Jalen Williams,wrist injury (DTD),2025-02-01,2025-02-05,4
‚Ä¢ Jalen Wilson,tightness in right calf (DTD),2024-11-27,2024-11-29,2
‚Ä¢ Jamal Murray,placed on IL with sprained right ankle,2024-12-23,2024-12-25,2
‚Ä¢ Jamal Shead,placed on IL with illness,2025-01-31,2025-02-03,3
‚Ä¢ James Bouknight,placed on IL recovering from surgery on left knee,2023-10-25,2023-11-28,34
‚Ä¢ James Harden,placed on IL with sore right groin,2025-01-22,2025-01-23,1
‚Ä¢ James Johnson,illness (DTD),2024-03-12,2024-03-13,1
‚Ä¢ Jarace Walker,placed on IL with respiratory infection,2024-01-10,2024-01-14,4
‚Ä¢ Jaren Jackson Jr.,placed on IL with hamstring injury,2024-10-21,2024-10-26,5
‚Ä¢ Jarred Vanderbilt,placed on IL with right foot injury,2024-10-22,2025-01-25,95
‚Ä¢ Javon Freeman-Liberty,sprained left ankle (DTD),2023-11-19,2023-11-21,2
‚Ä¢ Javonte Green,sore left ankle (DTD),2024-12-08,2024-12-15,7
‚Ä¢ Jaxson Hayes,placed on IL with bruised ankle,2024-11-27,2024-12-28,31
‚Ä¢ Jay Huff,placed on IL with sprained left ankle,2024-12-19,2024-12-27,8
‚Ä¢ Jaylen Brown,placed on IL with strained right shoulder,2025-01-03,2025-01-05,2
‚Ä¢ Jaylin Williams (Michael),placed on IL with sprained right knee,2024-03-01,2024-03-07,6
‚Ä¢ Jaylin Williams (b. 2000-07-26),placed on IL with strained right hamstring,2024-10-23,2024-12-22,60
‚Ä¢ Jaylon Tyson,placed on IL with illness,2024-12-15,2024-12-19,4
‚Ä¢ Jayson Tatum,illness (DTD),2024-12-23,2024-12-25,2
‚Ä¢ Jeff Ayres / Jeff Pendergraph,placed on IL,2015-02-20,2015-02-23,3
‚Ä¢ Jeff Green,placed on IL with left knee injury,2024-03-06,2024-03-08,2
‚Ä¢ Jerami Grant,placed on IL with right ankle injury,2025-01-30,2025-02-01,2
‚Ä¢ Jeremiah Robinson-Earl,sprained left ankle (DTD),2024-12-30,2025-01-03,4
‚Ä¢ Jeremy Sochan,placed on IL with tightness in back,2025-01-07,2025-01-23,16
‚Ä¢ Jericho Sims,placed on IL with lower back spasms,2025-01-13,2025-01-15,2
‚Ä¢ Jett Howard,placed on IL with sprained left ankle,2025-01-12,2025-01-23,11
‚Ä¢ Jimmy Butler,stomach illness (DTD),2024-12-21,2024-12-31,10
‚Ä¢ Jock Landale,illness (DTD),2025-02-03,2025-02-04,1
‚Ä¢ Joe Harris,placed on IL with sprained right shoulder,2023-11-10,2023-12-08,28
‚Ä¢ Joe Ingles,placed on IL with strained left calf,2024-11-27,2024-12-27,30
‚Ä¢ Joel Embiid,placed on IL with various injuries,2025-01-17,2025-02-04,18
‚Ä¢ John Collins (Martin),placed on IL with illness,2025-01-24,2025-01-30,6
‚Ä¢ John Konchar,sore left shoulder (DTD),2025-01-04,2025-01-05,1
‚Ä¢ Johnny Davis (Christian),placed on IL with illness,2025-01-07,2025-01-10,3
‚Ä¢ Johnny Furphy,sprained left ankle (DTD),2024-11-25,2024-11-27,2
‚Ä¢ Johnny Juzang,placed on IL with fractured right hand,2025-01-11,2025-02-01,21
‚Ä¢ Jonathan Isaac,sore right hamstring (DTD),2024-12-06,2024-12-15,9
‚Ä¢ Jontay Porter,placed on IL with back spasms,2024-02-02,2024-02-09,7
‚Ä¢ Jordan Clarkson,placed on IL with plantar fasciitis left in foot,2025-01-05,2025-01-27,22
‚Ä¢ Jordan Ford,placed on IL with right hip injury,2024-04-11,2024-04-12,1
‚Ä¢ Jordan Goodwin,placed on IL with sore Achilles,2024-03-10,2024-03-12,2
‚Ä¢ Jordan Hawkins,illness (DTD),2025-01-29,2025-02-03,5
‚Ä¢ Jordan McLaughlin,placed on IL with illness,2024-03-04,2024-03-07,3
‚Ä¢ Jordan Miller,placed on IL with illness,2025-01-25,2025-01-28,3
‚Ä¢ Jordan Poole,placed on IL with bruised left hip,2025-01-05,2025-01-10,5
‚Ä¢ Jordan Walsh,illness (DTD),2025-01-07,2025-01-11,4
‚Ä¢ Josh Giddey,placed on IL with sprained right ankle,2024-12-19,2024-12-28,9
‚Ä¢ Josh Green,placed on IL with foot injury,2025-01-28,2025-01-31,3
‚Ä¢ Josh Hart,placed on IL with left knee injury,2024-01-18,2024-01-20,2
‚Ä¢ Josh Minott,placed on IL with illness,2025-01-04,2025-01-06,2
‚Ä¢ Joshua Primo,placed on IL with sprained left ankle,2024-04-03,2024-04-13,10
‚Ä¢ Jrue Holiday,right shoulder impingement (DTD),2025-01-22,2025-01-23,1
‚Ä¢ Julian Champagnie,placed on IL with sprained right ankle,2024-03-02,2024-03-05,3
‚Ä¢ Julian Phillips,placed on IL with illness,2024-11-23,2024-11-26,3
‚Ä¢ Julian Strawther,placed on IL with sprained left ankle,2024-02-14,2024-02-22,8
‚Ä¢ Justin Minaya,placed on IL with bruised back,2024-04-01,2024-04-05,4
‚Ä¢ Jusuf Nurkic,placed on IL with illness,2025-01-12,2025-01-24,12
‚Ä¢ Kai Jones,strained right hamstring (DTD),2024-03-17,2024-03-25,8
‚Ä¢ Karl-Anthony Towns,placed on IL with thumb injury,2025-01-15,2025-01-20,5
‚Ä¢ Karlo Matkovic,placed on IL with sore lower back,2024-12-07,2025-01-07,31
‚Ä¢ Kawhi Leonard,placed on IL with right knee injury,2025-01-20,2025-01-23,3
‚Ä¢ Keegan Murray,placed on IL with sore left ankle,2025-01-01,2025-01-05,4
‚Ä¢ Kel'el Ware,placed on IL with right foot injury,2024-12-01,2024-12-20,19
‚Ä¢ Keldon Johnson,placed on IL with strained left calf,2024-12-13,2024-12-19,6
‚Ä¢ Kelly Olynyk,placed on IL with calf injury,2025-01-27,2025-01-31,4
‚Ä¢ Kelly Oubre Jr.,placed on IL with sprained left hand,2025-01-02,2025-01-06,4
‚Ä¢ Kenneth Lofton Jr.,placed on IL with sprained left shoulder,2024-01-12,2024-01-20,8
‚Ä¢ Kenrich Williams,placed on IL with surgery on right knee,2024-09-17,2024-11-11,55
‚Ä¢ Kentavious Caldwell-Pope,sore right knee (DTD),2025-01-12,2025-01-15,3
‚Ä¢ Keon Ellis,placed on IL with sprained left ankle,2023-11-20,2023-11-28,8
‚Ä¢ Keshad Johnson,left shoulder inflammation (DTD),2025-01-21,2025-01-23,2
‚Ä¢ Kevin Huerter,placed on IL with sprained left shoulder,2024-12-16,2024-12-19,3
‚Ä¢ Kevin Love,back spasms (DTD),2024-12-02,2024-12-04,2
‚Ä¢ Kevin Porter Jr.,placed on IL with illness,2024-12-27,2024-12-30,3
‚Ä¢ Kevin Seraphin,flu (DTD),2015-02-20,2015-02-22,2
‚Ä¢ Kevon Harris,sore knee (DTD),2023-10-24,2023-10-31,7
‚Ä¢ Kevon Looney,placed on IL with illness,2024-11-18,2024-11-20,2
‚Ä¢ Keyonte George,placed on IL with heel injury,2025-01-11,2025-01-15,4
‚Ä¢ Khris Middleton,placed on IL with ankle injury,2025-02-03,2025-02-04,1
‚Ä¢ Killian Hayes,illness (DTD),2023-12-18,2023-12-28,10
‚Ä¢ Klay Thompson,placed on IL with sprained left ankle,2025-01-23,2025-01-25,2
‚Ä¢ Kobe Brown,placed on IL with sore back,2024-11-27,2024-12-29,32
‚Ä¢ Kris Dunn,placed on IL with sore left knee,2025-01-22,2025-02-03,12
‚Ä¢ Kris Humphries,sore lower back (DTD),2015-02-11,2015-02-20,9
‚Ä¢ Kris Murray,bruised chest (DTD),2025-01-21,2025-01-23,2
‚Ä¢ Kristaps Porzingis,illness (DTD),2025-01-22,2025-01-23,1
‚Ä¢ Kyle Anderson,placed on IL with hamstring injury,2025-01-15,2025-01-24,9
‚Ä¢ Kyle Filipowski,placed on IL with sprained right ankle,2024-11-23,2024-12-08,15
‚Ä¢ Kyle Kuzma,placed on IL with rib injury,2024-11-29,2024-12-29,30
‚Ä¢ Kyle Lowry,hip injury (DTD),2025-02-04,2025-02-05,1
‚Ä¢ Kyrie Irving,placed on IL with shoulder injury,2025-02-02,2025-02-03,1
‚Ä¢ Lance Thomas,placed on IL with ankle injury,2015-02-11,2015-02-20,9
‚Ä¢ Larry Nance Jr.,placed on IL with right hand injury,2025-01-27,2025-01-28,1
‚Ä¢ Lavoy Allen,placed on IL,2015-02-11,2015-02-20,9
‚Ä¢ LeBron James,placed on IL with illness,2024-12-28,2024-12-31,3
‚Ä¢ Leaky Black,placed on IL with strained abdominal,2024-04-05,2024-04-07,2
‚Ä¢ Leonard Miller,placed on IL with illness,2025-01-16,2025-01-18,2
‚Ä¢ Liam Robbins,placed on IL with sore left heel,2024-11-22,2024-11-23,1
‚Ä¢ Lindy Waters III,placed on IL with illness,2024-01-13,2024-01-15,2
‚Ä¢ Lonnie Walker IV,placed on IL with illness,2024-03-09,2024-03-10,1
‚Ä¢ Louis Williams / Lou Williams,placed on IL with ankle injury,2015-02-21,2015-02-23,2
‚Ä¢ Luguentz Dort,placed on IL with right knee injury,2025-01-25,2025-01-28,3
‚Ä¢ Luka Garza,placed on IL with sprained left ankle,2024-12-21,2025-01-06,16
‚Ä¢ Luka Samanic,placed on IL with illness,2023-12-13,2023-12-18,5
‚Ä¢ Luke Kennard,sore right hamstring (DTD),2025-01-04,2025-01-06,2
‚Ä¢ Luke Kornet,placed on IL with tightness in right hamstring,2024-11-24,2024-11-29,5
‚Ä¢ Malachi Flynn,placed on IL with sprained right ankle,2023-12-31,2024-01-05,5
‚Ä¢ Malaki Branham,placed on IL with sprained right ankle,2024-11-09,2024-11-13,4
‚Ä¢ Malcolm Brogdon,placed on IL with right foot injury,2025-01-06,2025-02-01,26
‚Ä¢ Malik Beasley,placed on IL with back spasms,2024-03-14,2024-03-17,3
‚Ä¢ Malik Monk,placed on IL with sore right groin,2025-01-14,2025-01-16,2
‚Ä¢ MarJon Beauchamp,placed on IL with illness,2025-01-17,2025-01-21,4
‚Ä¢ Marcus Sasser,illness (DTD),2024-03-29,2024-04-03,5
‚Ä¢ Marcus Smart,placed on IL with right index finger injury,2024-12-22,2025-02-05,45
‚Ä¢ Marcus Thornton (T.),placed on IL,2015-02-20,2015-02-23,3
‚Ä¢ Mark Williams,placed on IL with left foot injury,2025-01-29,2025-02-01,3
‚Ä¢ Markelle Fultz,placed on IL with left knee injury,2024-03-29,2024-03-30,1
‚Ä¢ Markieff Morris,placed on IL with illness,2025-01-09,2025-01-11,2
‚Ä¢ Mason Plumlee,placed on IL with sprained MCL in left knee,2023-11-07,2024-01-01,55
‚Ä¢ Matas Buzelis,placed on IL with illness,2024-12-26,2024-12-28,2
‚Ä¢ Matt Ryan,"placed on IL with sore right elbow, various injuries",2023-12-02,2024-01-26,55
‚Ä¢ Max Christie,placed on IL with sprained right ankle,2024-02-13,2024-02-22,9
‚Ä¢ Max Strus,placed on IL with right ankle injury,2024-12-21,2024-12-22,1
‚Ä¢ Micah Potter,placed on IL with illness,2025-01-21,2025-01-25,4
‚Ä¢ Michael Porter Jr.,right knee injury (DTD),2024-02-09,2024-02-12,3
‚Ä¢ Mike Conley Jr.,placed on IL with sprained right thumb,2025-01-30,2025-02-01,2
‚Ä¢ Mike Muscala,placed on IL with concussion protocol,2024-02-01,2024-02-04,3
‚Ä¢ Miles Bridges,placed on IL with back injury,2025-01-24,2025-01-25,1
‚Ä¢ Miles McBride,tightness in hamstring (DTD),2025-01-01,2025-01-10,9
‚Ä¢ Mohamed Bamba / Mo Bamba,placed on IL with left knee injury,2024-12-08,2024-12-12,4
‚Ä¢ Monte Morris,placed on IL with left hamstring injury,2024-03-08,2024-03-16,8
‚Ä¢ Moses Brown,surgery on left wrist to repair non-displaced fracture (out indefinitely) (date approximate),2024-01-08,2024-03-01,53
‚Ä¢ Mouhamed Gueye,placed on IL with sprained UCL in elbow,2024-03-15,2024-04-06,22
‚Ä¢ Moussa Diabate,placed on IL with illness,2024-12-07,2024-12-12,5
‚Ä¢ Myles Turner,right peroneal injury (DTD),2025-02-03,2025-02-04,1
‚Ä¢ Nah'Shon Hyland / Bones Hyland,placed on IL with sore right knee,2023-12-16,2023-12-20,4
‚Ä¢ Naji Marshall,placed on IL with illness,2025-01-22,2025-01-29,7
‚Ä¢ Nassir Little,placed on IL with left knee inflammation,2024-02-29,2024-03-14,14
‚Ä¢ Nate Hinton,sprained right ankle (DTD),2023-10-27,2023-10-29,2
‚Ä¢ Naz Reid,placed on IL with illness,2025-01-29,2025-01-30,1
‚Ä¢ Neemias Queta,placed on IL with sore right knee,2024-03-03,2024-03-09,6
‚Ä¢ Nick Richards,placed on IL with sprained right ankle,2024-12-07,2024-12-08,1
‚Ä¢ Nicolas Claxton / Nic Claxton,placed on IL with tightness in right hamstring,2025-01-14,2025-01-15,1
‚Ä¢ Nikola Jokic,placed on IL with right elbow inflammation,2025-01-15,2025-01-17,2
‚Ä¢ Nikola Jovic,sprained left ankle (DTD),2024-12-15,2024-12-20,5
‚Ä¢ Nikola Vucevic,placed on IL with illness,2024-12-13,2024-12-16,3
‚Ä¢ Norman Powell,sore right hip (DTD),2025-02-01,2025-02-03,2
‚Ä¢ Norris Cole (Gene),placed on IL,2015-02-20,2015-02-21,1
‚Ä¢ Obi Toppin,placed on IL with ankle injury,2024-12-27,2024-12-31,4
‚Ä¢ Ochai Agbaji,placed on IL with laceration on right hand,2025-01-16,2025-01-27,11
‚Ä¢ Olivier Sarr,placed on IL with strained right hip flexor,2024-01-22,2024-01-27,5
‚Ä¢ Olivier-Maxence Prosper,placed on IL with sprained left ankle,2024-04-26,2024-06-06,41
‚Ä¢ Omer Yurtseven,placed on IL with sprained right ankle,2024-03-23,2024-03-25,2
‚Ä¢ Onyeka Okongwu,placed on IL with left knee inflammation,2024-12-18,2024-12-29,11
‚Ä¢ Orlando Robinson,knee injury (DTD),2024-10-23,2024-11-14,22
‚Ä¢ Osasere Ighodaro / Oso Ighodaro,placed on IL with illness,2025-01-04,2025-01-05,1
‚Ä¢ Oshae Brissett,placed on IL with illness,2024-04-11,2024-04-12,1
‚Ä¢ Otto Porter Jr.,placed on IL with sore left foot,2024-02-12,2024-02-14,2
‚Ä¢ Ousmane Dieng,placed on IL with fractured right ring finger,2024-11-24,2024-12-19,25
‚Ä¢ P.J. Tucker,placed on IL with calf injury,2024-03-24,2024-03-25,1
‚Ä¢ P.J. Washington,placed on IL with knee injury,2025-02-02,2025-02-03,1
‚Ä¢ Paolo Banchero,placed on IL with torn right oblique muscle,2024-10-31,2025-01-10,71
‚Ä¢ Pascal Siakam,back spasms (DTD),2024-01-10,2024-01-12,2
‚Ä¢ Pat Connaughton,placed on IL with sprained right ankle,2023-11-29,2023-12-15,16
‚Ä¢ Patrick Baldwin Jr.,placed on IL with right calf injury,2024-12-08,2024-12-12,4
‚Ä¢ Patrick Beverley,placed on IL with sprained right ankle,2024-04-03,2024-04-09,6
‚Ä¢ Patrick Mills / Patty Mills,placed on IL with illness,2024-02-09,2024-02-13,4
‚Ä¢ Patrick Patterson,placed on IL with left knee injury,2015-02-23,2015-02-24,1
‚Ä¢ Patrick Williams,placed on IL with foot injury,2024-11-20,2024-12-12,22
‚Ä¢ Paul George,placed on IL with extensor tendon injury in left finger,2025-01-27,2025-02-05,9
‚Ä¢ Payton Pritchard,illness (DTD),2025-02-02,2025-02-03,1
‚Ä¢ Pelle Larsson,sprained right ankle (DTD),2024-12-07,2024-12-20,13
‚Ä¢ Precious Achiuwa,placed on IL with strained left hamstring (date approximate),2024-10-21,2024-12-05,45
‚Ä¢ Quentin Grimes,placed on IL with back spasms,2025-01-20,2025-01-22,2
‚Ä¢ Quincy Olivari,sprained right ankle (DTD),2024-11-22,2024-11-26,4
‚Ä¢ R.J. Hampton,placed on IL with illness,2024-01-08,2024-01-09,1
‚Ä¢ Rayan Rupert,placed on IL with sprained right ankle,2024-02-15,2024-02-27,12
‚Ä¢ Reggie Bullock,placed on IL with sore lower back,2024-02-14,2024-02-22,8
‚Ä¢ Reggie Jackson (Shon),placed on IL with sore right knee,2024-11-30,2024-12-03,3
‚Ä¢ Rob Dillingham,placed on IL with sprained right ankle,2024-12-29,2025-01-13,15
‚Ä¢ Robert Williams III,hand injury (DTD),2025-02-01,2025-02-03,2
‚Ä¢ Royce O'Neale,placed on IL with sprained left ankle,2024-12-30,2025-01-12,13
‚Ä¢ Rudy Gobert,placed on IL with rib injury,2024-03-16,2024-03-22,6
‚Ä¢ Rui Hachimura,placed on IL with calf injury,2025-01-25,2025-01-28,3
‚Ä¢ Ryan Dunn,placed on IL with sprained left ankle,2025-01-26,2025-01-29,3
‚Ä¢ Sam Hauser,placed on IL with right hip impingement,2025-01-27,2025-01-31,4
‚Ä¢ Sam Merrill,placed on IL with illness,2025-01-29,2025-01-30,1
‚Ä¢ Sandro Mamukelashvili,tightness in mid-back (DTD),2023-11-14,2023-11-17,3
‚Ä¢ Santi Aldama,placed on IL with illness,2025-01-24,2025-01-27,3
‚Ä¢ Scottie Barnes,placed on IL with sprained right ankle,2024-12-11,2024-12-19,8
‚Ä¢ Scotty Pippen Jr.,placed on IL with left shin injury,2024-03-16,2024-03-22,6
‚Ä¢ Seth Curry,placed on IL with ankle injury,2025-01-24,2025-01-25,1
‚Ä¢ Seth Lundy,sprained ankle (DTD),2024-10-22,2024-10-28,6
‚Ä¢ Shaedon Sharpe,torn labrum in left shoulder (out indefinitely),2024-10-05,2024-11-07,33
‚Ä¢ Shai Gilgeous-Alexander,sore right wrist (DTD),2025-01-17,2025-01-19,2
‚Ä¢ Sidy Cissoko,placed on IL with concussion,2025-01-28,2025-01-31,3
‚Ä¢ Simone Fontecchio,placed on IL with sprained left toe,2024-11-15,2024-11-17,2
‚Ä¢ Spencer Dinwiddie,placed on IL with ankle injury,2023-11-01,2023-11-03,2
‚Ä¢ Stephen Curry,knee injury (DTD),2025-01-28,2025-01-29,1
‚Ä¢ Stephon Castle,placed on IL with bruised left shoulder,2024-12-12,2024-12-15,3
‚Ä¢ Sterling Henderson / Scoot Henderson,bruised left quadriceps (DTD),2024-11-29,2024-12-08,9
‚Ä¢ Sviatoslav Mykhailiuk / Svi Mykhailiuk,placed on IL with strained left groin,2024-12-12,2024-12-19,7
‚Ä¢ T.J. McConnell,placed on IL with illness,2024-11-08,2024-11-10,2
‚Ä¢ Taj Gibson,placed on IL with right hamstring injury,2024-03-20,2024-04-06,17
‚Ä¢ Tari Eason,placed on IL with lower leg injury,2024-12-19,2025-01-16,28
‚Ä¢ Taurean Prince,placed on IL with sore left knee,2024-01-21,2024-01-22,1
‚Ä¢ Terrence Shannon Jr.,placed on IL with sprained right foot,2025-01-12,2025-02-01,20
‚Ä¢ Terry Rozier,left knee inflammation (DTD),2024-12-23,2024-12-26,3
‚Ä¢ Thaddeus Young,placed on IL with illness,2023-11-17,2023-11-24,7
‚Ä¢ Tidjane Salaun,placed on IL with illness,2025-02-03,2025-02-04,1
‚Ä¢ Tim Hardaway Jr.,tightness in lower back (DTD),2025-01-09,2025-01-11,2
‚Ä¢ Tobias Harris,placed on IL with sprained right thumb,2024-12-15,2024-12-19,4
‚Ä¢ Toumani Camara,illness (DTD),2025-01-21,2025-01-23,2
‚Ä¢ Trae Young,placed on IL with hamstring injury,2025-01-26,2025-01-28,2
‚Ä¢ Tre Jones,placed on IL with sprained left shoulder,2024-12-02,2024-12-18,16
‚Ä¢ Trevelin Queen,placed on IL with illness,2025-01-01,2025-01-03,2
‚Ä¢ Trey Lyles,placed on IL with strained right calf,2024-11-26,2024-12-21,25
‚Ä¢ Tristan Vukcevic,placed on IL with sprained right ankle,2025-01-09,2025-01-15,6
‚Ä¢ Tristan da Silva,illness (DTD),2024-10-28,2024-10-30,2
‚Ä¢ Ty Jerome,placed on IL with illness,2025-01-12,2025-01-16,4
‚Ä¢ Ty Lawson,unspecified (DTD),2015-02-20,2015-02-22,2
‚Ä¢ Tyler Herro,sore right groin (DTD),2025-01-21,2025-01-23,2
‚Ä¢ Tyler Kolek,illness (DTD),2024-11-27,2024-11-28,1
‚Ä¢ Tyrese Haliburton,strained left groin (DTD),2025-01-14,2025-01-16,2
‚Ä¢ Tyrese Maxey,sprained left hand (DTD),2025-01-14,2025-01-15,1
‚Ä¢ Tyson Chandler,placed on IL with sprained left ankle,2015-02-11,2015-02-19,8
‚Ä¢ Tyus Jones,placed on IL with illness,2025-01-04,2025-01-05,1
‚Ä¢ Udoka Azubuike,placed on IL with illness,2024-01-08,2024-01-10,2
‚Ä¢ Udonis Haslem,placed on IL with stomach illness,2023-05-06,2023-05-08,2
‚Ä¢ Usman Garuba,dislocated right finger (DTD),2023-11-28,2023-12-14,16
‚Ä¢ Victor Wembanyama,placed on IL with illness,2025-02-01,2025-02-03,2
‚Ä¢ Vince Williams Jr.,placed on IL with sprained right ankle,2024-11-20,2025-02-05,77
‚Ä¢ Vit Krejci,placed on IL with strained right adductor,2024-11-18,2024-11-19,1
‚Ä¢ Walker Kessler,placed on IL with bruised left shoulder,2025-01-27,2025-01-30,3
‚Ä¢ Wendell Carter Jr.,placed on IL with plantar fasciitis in left foot,2024-11-04,2024-11-26,22
‚Ä¢ Wendell Moore Jr.,placed on IL with sore left knee,2024-02-13,2024-02-23,10
‚Ä¢ Wesley Matthews / Wes Matthews Jr.,placed on IL with right hamstring injury,2024-04-12,2024-04-16,4
‚Ä¢ Will Barton,placed on IL,2015-02-20,2015-02-22,2
‚Ä¢ Xavier Tillman,illness (DTD),2024-12-19,2024-12-20,1
‚Ä¢ Yuki Kawamura,placed on IL with sore left shoulder,2024-12-31,2025-01-06,6
‚Ä¢ Yves Missi,placed on IL with illness,2025-01-17,2025-01-24,7
‚Ä¢ Zaccharie Risacher,placed on IL with adductor injury,2025-01-28,2025-01-29,1
‚Ä¢ Zach Collins,placed on IL with bruised lower back,2024-12-12,2024-12-19,7
‚Ä¢ Zach Edey,placed on IL with concussion protocol,2024-12-29,2025-01-03,5
‚Ä¢ Zach LaVine,placed on IL with sore left toe,2024-12-30,2025-01-01,2
‚Ä¢ Zeke Nnaji,placed on IL with sore lower back,2024-03-19,2024-04-04,16
‚Ä¢ Ziaire Williams,placed on IL with sprained left ankle,2025-01-22,2025-01-24,2
‚Ä¢ Zion Williamson,placed on IL with illness,2025-01-31,2025-02-02,2
